Club,Name,Age,Nationality,Position,Pos,MarketValue,ClubInvolved,CountryInvolved,Fee,Movement,Season,Window,League,Profile
Milan AC,Ruud Gullit,31,Netherlands,Second Striker,SS,-,UC Sampdoria,Italy,£540Th.,In,1994,s,serie-a,https://www.transfermarkt.co.uk/ruud-gullit/profil/spieler/101045
Milan AC,Massimo Orlando,23,Italy,Forward,Forward,-,AC Fiorentina,Italy,?,In,1994,s,serie-a,https://www.transfermarkt.co.uk/massimo-orlando/profil/spieler/175938
Milan AC,Gianluca Sordo,24,Italy,Right Midfield,RM,-,Torino Calcio,Italy,?,In,1994,s,serie-a,https://www.transfermarkt.co.uk/gianluca-sordo/profil/spieler/142983
Milan AC,Giovanni Stroppa,26,Italy,Attacking Midfield,AM,-,Foggia Calcio,Italy,?,In,1994,s,serie-a,https://www.transfermarkt.co.uk/giovanni-stroppa/profil/spieler/167574
Milan AC,Cristian Brocchi,18,Italy,Central Midfield,CM,-,Milan Primavera,Italy,-,In,1994,s,serie-a,https://www.transfermarkt.co.uk/cristian-brocchi/profil/spieler/5812
Milan AC,Roberto Colombo,18,Italy,Goalkeeper,GK,-,Milan Primavera,Italy,-,In,1994,s,serie-a,https://www.transfermarkt.co.uk/roberto-colombo/profil/spieler/43411
Milan AC,Massimo Oddo,18,Italy,Right-Back,RB,-,Milan Primavera,Italy,-,In,1994,s,serie-a,https://www.transfermarkt.co.uk/massimo-oddo/profil/spieler/5837
Milan AC,Francesco De Francesco,16,Italy,Second Striker,SS,-,Milan Primavera,Italy,-,In,1994,s,serie-a,https://www.transfermarkt.co.uk/francesco-de-francesco/profil/spieler/226066
AS Roma,Giampiero Maini,22,Italy,Defensive Midfield,DM,-,Ascoli Calcio 1898,Italy,?,In,1994,s,serie-a,https://www.transfermarkt.co.uk/giampiero-maini/profil/spieler/16851
AS Roma,Daniel Fonseca,24,Uruguay,Centre-Forward,CF,-,SSC Napoli,Italy,?,In,1994,s,serie-a,https://www.transfermarkt.co.uk/daniel-fonseca/profil/spieler/151825
AS Roma,Andrea Borsa,22,Italy,Centre-Back,CB,-,US Pistoiese 1921,Italy,?,In,1994,s,serie-a,https://www.transfermarkt.co.uk/andrea-borsa/profil/spieler/227732
AS Roma,Jonas Thern,27,Sweden,Central Midfield,CM,-,SSC Napoli,Italy,?,In,1994,s,serie-a,https://www.transfermarkt.co.uk/jonas-thern/profil/spieler/34025
AS Roma,Francesco Statuto,22,Italy,Central Midfield,CM,-,Udinese Calcio,Italy,?,In,1994,s,serie-a,https://www.transfermarkt.co.uk/francesco-statuto/profil/spieler/151891
AS Roma,Francesco Colonnese,22,Italy,Centre-Back,CB,-,US Cremonese,Italy,?,In,1994,s,serie-a,https://www.transfermarkt.co.uk/francesco-colonnese/profil/spieler/5836
AS Roma,Francesco Moriero,25,Italy,Right Winger,RW,-,Cagliari Calcio,Italy,?,In,1994,s,serie-a,https://www.transfermarkt.co.uk/francesco-moriero/profil/spieler/108638
AS Roma,Ferro Tontini,24,Italy,Goalkeeper,GK,-,Modena FC,Italy,?,In,1994,s,serie-a,https://www.transfermarkt.co.uk/ferro-tontini/profil/spieler/247321
AS Roma,Dario Rossi,21,Italy,Defender,Defender,-,Modena FC,Italy,?,In,1994,s,serie-a,https://www.transfermarkt.co.uk/dario-rossi/profil/spieler/227785
AS Roma,Andrea Cupi,18,Italy,Centre-Back,CB,-,Roma Primavera,Italy,-,In,1994,s,serie-a,https://www.transfermarkt.co.uk/andrea-cupi/profil/spieler/6016
AS Roma,Sandro Mazzoni,20,Italy,Midfielder,Midfielder,-,Roma Primavera,Italy,-,In,1994,s,serie-a,https://www.transfermarkt.co.uk/sandro-mazzoni/profil/spieler/263781
AS Roma,Giampaolo Di Magno,20,Italy,Goalkeeper,GK,-,Roma Primavera,Italy,-,In,1994,s,serie-a,https://www.transfermarkt.co.uk/giampaolo-di-magno/profil/spieler/253884
AS Roma,Lorenzo Stovini,17,Italy,Centre-Back,CB,-,Roma Primavera,Italy,-,In,1994,s,serie-a,https://www.transfermarkt.co.uk/lorenzo-stovini/profil/spieler/6446
Brescia Calcio,Fabrizio Baldini,21,Italy,Midfielder,Midfielder,-,AC Pisa 1909,Italy,?,In,1994,s,serie-a,https://www.transfermarkt.co.uk/fabrizio-baldini/profil/spieler/293793
Brescia Calcio,Marco Ballotta,30,Italy,Goalkeeper,GK,-,AC Parma,Italy,?,In,1994,s,serie-a,https://www.transfermarkt.co.uk/marco-ballotta/profil/spieler/6034
Brescia Calcio,Sergio Battistini,31,Italy,Defensive Midfield,DM,-,FC Internazionale,Italy,?,In,1994,s,serie-a,https://www.transfermarkt.co.uk/sergio-battistini/profil/spieler/120391
Brescia Calcio,Antonio Bernardi,17,Italy,Forward,Forward,-,AS Ostiamare Lido Calcio,Italy,?,In,1994,s,serie-a,https://www.transfermarkt.co.uk/antonio-bernardi/profil/spieler/228110
Brescia Calcio,Davide Ratti,18,Italy,Forward,Forward,-,Carrarese Calcio 1908,Italy,?,In,1994,s,serie-a,https://www.transfermarkt.co.uk/davide-ratti/profil/spieler/354158
Brescia Calcio,Stefano Borgonovo,30,Italy,Centre-Forward,CF,-,Udinese Calcio,Italy,Loan,In,1994,s,serie-a,https://www.transfermarkt.co.uk/stefano-borgonovo/profil/spieler/192594
Brescia Calcio,Ivan Gamberini,26,Italy,Goalkeeper,GK,-,AC Spezia,Italy,?,In,1994,s,serie-a,https://www.transfermarkt.co.uk/ivan-gamberini/profil/spieler/228142
Brescia Calcio,Danut Lupu,27,Romania,Attacking Midfield,AM,-,FC Rapid 1923,Romania,?,In,1994,s,serie-a,https://www.transfermarkt.co.uk/danut-lupu/profil/spieler/180729
Brescia Calcio,Luigi Corino,28,Italy,Defender,Defender,-,SS Lazio,Italy,?,In,1994,s,serie-a,https://www.transfermarkt.co.uk/luigi-corino/profil/spieler/224930
Brescia Calcio,Roberto Baronio,16,Italy,Defensive Midfield,DM,-,Brescia Primavera,Italy,-,In,1994,s,serie-a,https://www.transfermarkt.co.uk/roberto-baronio/profil/spieler/6089
Brescia Calcio,Nicola Pavarini,20,Italy,Goalkeeper,GK,-,Brescia Primavera,Italy,-,In,1994,s,serie-a,https://www.transfermarkt.co.uk/nicola-pavarini/profil/spieler/28027
FC Internazionale,Gianluca Pagliuca,27,Italy,Goalkeeper,GK,-,UC Sampdoria,Italy,?,In,1994,s,serie-a,https://www.transfermarkt.co.uk/gianluca-pagliuca/profil/spieler/5985
FC Internazionale,Pierluigi Orlandini,21,Italy,Right Midfield,RM,-,Atalanta BC,Italy,?,In,1994,s,serie-a,https://www.transfermarkt.co.uk/pierluigi-orlandini/profil/spieler/160215
FC Internazionale,Giovanni Bia,25,Italy,Centre-Back,CB,-,SSC Napoli,Italy,?,In,1994,s,serie-a,https://www.transfermarkt.co.uk/giovanni-bia/profil/spieler/152724
FC Internazionale,Luca Mondini,24,Italy,Goalkeeper,GK,-,Como Calcio,Italy,?,In,1994,s,serie-a,https://www.transfermarkt.co.uk/luca-mondini/profil/spieler/30646
FC Internazionale,Andrea Seno,28,Italy,Central Midfield,CM,-,Foggia Calcio,Italy,?,In,1994,s,serie-a,https://www.transfermarkt.co.uk/andrea-seno/profil/spieler/199794
FC Internazionale,Andrea Zanchetta,19,Italy,Central Midfield,CM,-,Inter Milan Primavera,Italy,-,In,1994,s,serie-a,https://www.transfermarkt.co.uk/andrea-zanchetta/profil/spieler/7098
FC Internazionale,Marco Fortin,19,Italy,Goalkeeper,GK,-,Inter Milan Primavera,Italy,-,In,1994,s,serie-a,https://www.transfermarkt.co.uk/marco-fortin/profil/spieler/6808
AC Parma,Dino Baggio,22,Italy,Defensive Midfield,DM,-,Juventus FC,Italy,£4.05m,In,1994,s,serie-a,https://www.transfermarkt.co.uk/dino-baggio/profil/spieler/5843
AC Parma,Fernando Couto,24,Portugal,Centre-Back,CB,-,FC Porto,Portugal,£2.43m,In,1994,s,serie-a,https://www.transfermarkt.co.uk/fernando-couto/profil/spieler/5831
AC Parma,Marcello Castellini,21,Italy,Centre-Back,CB,-,AC Perugia,Italy,?,In,1994,s,serie-a,https://www.transfermarkt.co.uk/marcello-castellini/profil/spieler/5988
AC Parma,Marco Branca,29,Italy,Centre-Forward,CF,-,Udinese Calcio,Italy,?,In,1994,s,serie-a,https://www.transfermarkt.co.uk/marco-branca/profil/spieler/169692
AC Parma,Gianfranco Circati,23,Italy,Defender,Defender,-,US Salernitana,Italy,?,In,1994,s,serie-a,https://www.transfermarkt.co.uk/gianfranco-circati/profil/spieler/229203
AC Parma,Giovanni Galli,36,Italy,Goalkeeper,GK,-,Torino Calcio,Italy,?,In,1994,s,serie-a,https://www.transfermarkt.co.uk/giovanni-galli/profil/spieler/116706
AC Parma,Massimo Susic,27,Italy,Centre-Back,CB,-,AC Pisa 1909,Italy,?,In,1994,s,serie-a,https://www.transfermarkt.co.uk/massimo-susic/profil/spieler/224597
AC Parma,Diego Pellegrini,23,Italy,Centre-Back,CB,-,Vicenza Calcio,Italy,?,In,1994,s,serie-a,https://www.transfermarkt.co.uk/diego-pellegrini/profil/spieler/32120
AC Parma,Roberto Mussi,30,Italy,Right-Back,RB,-,Torino Calcio,Italy,?,In,1994,s,serie-a,https://www.transfermarkt.co.uk/roberto-mussi/profil/spieler/102482
AC Parma,Mario Massimo Caruso,24,Italy,Attacking Midfield,AM,-,SSC Napoli,Italy,?,In,1994,s,serie-a,https://www.transfermarkt.co.uk/mario-massimo-caruso/profil/spieler/229202
AC Parma,Gianluca Hervatin,20,Italy,Forward,Forward,-,Ancona Calcio,Italy,?,In,1994,s,serie-a,https://www.transfermarkt.co.uk/gianluca-hervatin/profil/spieler/229207
AC Parma,Gianluigi Buffon,16,Italy,Goalkeeper,GK,-,Parma Primavera,Italy,-,In,1994,s,serie-a,https://www.transfermarkt.co.uk/gianluigi-buffon/profil/spieler/5023
Genoa 1893,Daniele Delli Carri,22,Italy,Centre-Back,CB,-,Torino Calcio,Italy,Free transfer,In,1994,s,serie-a,https://www.transfermarkt.co.uk/daniele-delli-carri/profil/spieler/15336
Genoa 1893,Davide Micillo,23,Italy,Goalkeeper,GK,-,Ravenna FC,Italy,?,In,1994,s,serie-a,https://www.transfermarkt.co.uk/davide-micillo/profil/spieler/5965
Genoa 1893,Giovanni Francini,30,Italy,Left-Back,LB,-,SSC Napoli,Italy,?,In,1994,s,serie-a,https://www.transfermarkt.co.uk/giovanni-francini/profil/spieler/118252
Genoa 1893,Gianluca Francesconi,22,Italy,Centre-Back,CB,-,Juventus FC,Italy,?,In,1994,s,serie-a,https://www.transfermarkt.co.uk/gianluca-francesconi/profil/spieler/223464
Genoa 1893,Michele Padovano,27,Italy,Centre-Forward,CF,-,AC Reggiana,Italy,?,In,1994,s,serie-a,https://www.transfermarkt.co.uk/michele-padovano/profil/spieler/158112
Genoa 1893,Pier Giovanni Rutzittu,18,Italy,Midfielder,Midfielder,-,Olbia Calcio,Italy,?,In,1994,s,serie-a,https://www.transfermarkt.co.uk/pier-giovanni-rutzittu/profil/spieler/226091
Genoa 1893,Dario Marcolin,22,Italy,Defensive Midfield,DM,-,Cagliari Calcio,Italy,?,In,1994,s,serie-a,https://www.transfermarkt.co.uk/dario-marcolin/profil/spieler/3510
Genoa 1893,Kazuyoshi Miura,27,Japan,Centre-Forward,CF,-,Verdy Kawasaki,Japan,?,In,1994,s,serie-a,https://www.transfermarkt.co.uk/kazuyoshi-miura/profil/spieler/112589
Genoa 1893,Antonio Manicone,27,Italy,Defensive Midfield,DM,-,FC Internazionale,Italy,Loan,In,1994,s,serie-a,https://www.transfermarkt.co.uk/antonio-manicone/profil/spieler/223471
Genoa 1893,Matteo Rossi,18,Italy,Defender,Defender,-,Genoa Primavera,Italy,-,In,1994,s,serie-a,https://www.transfermarkt.co.uk/matteo-rossi/profil/spieler/223483
Genoa 1893,Alessandro Turone,19,Italy,Defender,Defender,-,Genoa Primavera,Italy,-,In,1994,s,serie-a,https://www.transfermarkt.co.uk/alessandro-turone/profil/spieler/84414
AS Bari,Paolo Annoni,24,Italy,Left-Back,LB,-,Como Calcio,Italy,?,In,1994,s,serie-a,https://www.transfermarkt.co.uk/paolo-annoni/profil/spieler/226056
AS Bari,Miguel Ángel Guerrero,26,Colombia,Second Striker,SS,-,Junior FC,Colombia,?,In,1994,s,serie-a,https://www.transfermarkt.co.uk/miguel-angel-guerrero/profil/spieler/106948
AS Bari,Carlo Sassarini,22,Italy,Left-Back,LB,-,Barletta Calcio Sport,Italy,?,In,1994,s,serie-a,https://www.transfermarkt.co.uk/carlo-sassarini/profil/spieler/17960
AS Bari,Nicola Legrottaglie,17,Italy,Centre-Back,CB,-,Bari Primavera,Italy,-,In,1994,s,serie-a,https://www.transfermarkt.co.uk/nicola-legrottaglie/profil/spieler/5925
AS Bari,Roberto Cau,18,Italy,Right Midfield,RM,-,Bari Primavera,Italy,-,In,1994,s,serie-a,https://www.transfermarkt.co.uk/roberto-cau/profil/spieler/257124
SS Lazio,José Chamot,25,Argentina,Centre-Back,CB,-,Foggia Calcio,Italy,?,In,1994,s,serie-a,https://www.transfermarkt.co.uk/jose-chamot/profil/spieler/5805
SS Lazio,Vincenzo De Sio,21,Italy,Midfielder,Midfielder,-,Trapani Calcio,Italy,?,In,1994,s,serie-a,https://www.transfermarkt.co.uk/vincenzo-de-sio/profil/spieler/224931
SS Lazio,Roberto Rambaudi,28,Italy,Right Winger,RW,-,Atalanta BC,Italy,?,In,1994,s,serie-a,https://www.transfermarkt.co.uk/roberto-rambaudi/profil/spieler/223111
SS Lazio,Daniele Adani,19,Italy,Centre-Back,CB,-,Modena FC,Italy,?,In,1994,s,serie-a,https://www.transfermarkt.co.uk/daniele-adani/profil/spieler/5774
SS Lazio,Giorgio Venturin,25,Italy,Central Midfield,CM,-,Torino Calcio,Italy,?,In,1994,s,serie-a,https://www.transfermarkt.co.uk/giorgio-venturin/profil/spieler/180554
SS Lazio,Ivano Della Morte,19,Italy,Central Midfield,CM,-,Calcio Monza,Italy,?,In,1994,s,serie-a,https://www.transfermarkt.co.uk/ivano-della-morte/profil/spieler/5926
SS Lazio,Alessandro Iannuzzi,18,Italy,Forward,Forward,-,Lazio Youth,Italy,-,In,1994,s,serie-a,https://www.transfermarkt.co.uk/alessandro-iannuzzi/profil/spieler/22276
SS Lazio,Simone Tiribocchi,16,Italy,Centre-Forward,CF,-,Lazio Primavera,Italy,-,In,1994,s,serie-a,https://www.transfermarkt.co.uk/simone-tiribocchi/profil/spieler/21700
Torino Calcio,Jocelyn Angloma,28,Guadeloupe,Right-Back,RB,-,Olympique Marseille,France,Free transfer,In,1994,s,serie-a,https://www.transfermarkt.co.uk/jocelyn-angloma/profil/spieler/51776
Torino Calcio,Vincenzo Sommese,18,Italy,Right Winger,RW,-,AS Calcio Boys Nola,Italy,?,In,1994,s,serie-a,https://www.transfermarkt.co.uk/vincenzo-sommese/profil/spieler/16854
Torino Calcio,Nicola Caricola,31,Italy,Centre-Back,CB,-,Genoa 1893,Italy,?,In,1994,s,serie-a,https://www.transfermarkt.co.uk/nicola-caricola/profil/spieler/217801
Torino Calcio,Abédi Pelé,29,Ghana,Attacking Midfield,AM,-,Olympique Lyon,France,?,In,1994,s,serie-a,https://www.transfermarkt.co.uk/abedi-pele/profil/spieler/6657
Torino Calcio,Stefano Torrisi,23,Italy,Centre-Back,CB,-,AC Reggiana,Italy,?,In,1994,s,serie-a,https://www.transfermarkt.co.uk/stefano-torrisi/profil/spieler/5865
Torino Calcio,Roberto Maltagliati,25,Italy,Centre-Back,CB,-,AC Parma,Italy,?,In,1994,s,serie-a,https://www.transfermarkt.co.uk/roberto-maltagliati/profil/spieler/20742
Torino Calcio,Vittorio Tosto,20,Italy,Left-Back,LB,-,US Salernitana,Italy,?,In,1994,s,serie-a,https://www.transfermarkt.co.uk/vittorio-tosto/profil/spieler/22216
Torino Calcio,Pasquale Luiso,24,Italy,Centre-Forward,CF,-,ASD Sora Calcio 1907,Italy,?,In,1994,s,serie-a,https://www.transfermarkt.co.uk/pasquale-luiso/profil/spieler/24326
Torino Calcio,Giuseppe Scienza,27,Italy,Midfielder,Midfielder,-,AC Reggiana,Italy,?,In,1994,s,serie-a,https://www.transfermarkt.co.uk/giuseppe-scienza/profil/spieler/227516
Torino Calcio,Antonino Bernardini,20,Italy,Defensive Midfield,DM,-,AS Roma,Italy,Loan,In,1994,s,serie-a,https://www.transfermarkt.co.uk/antonino-bernardini/profil/spieler/19436
Torino Calcio,Gianluca Pessotto,23,Italy,Left-Back,LB,-,Hellas Verona,Italy,?,In,1994,s,serie-a,https://www.transfermarkt.co.uk/gianluca-pessotto/profil/spieler/5751
Torino Calcio,Davide Possanzini,18,Italy,Centre-Forward,CF,-,US Recanatese,Italy,?,In,1994,s,serie-a,https://www.transfermarkt.co.uk/davide-possanzini/profil/spieler/22248
Torino Calcio,Ivano Bonetti,29,Italy,Left Midfield,LM,-,Bologna FC 1909,Italy,?,In,1994,s,serie-a,https://www.transfermarkt.co.uk/ivano-bonetti/profil/spieler/181056
Torino Calcio,Gianluca Petrachi,25,Italy,Midfielder,Midfielder,-,AC Venezia 1907,Italy,?,In,1994,s,serie-a,https://www.transfermarkt.co.uk/gianluca-petrachi/profil/spieler/227503
Torino Calcio,Ruggiero Rizzitelli,26,Italy,Centre-Forward,CF,-,AS Roma,Italy,?,In,1994,s,serie-a,https://www.transfermarkt.co.uk/ruggiero-rizzitelli/profil/spieler/16965
Torino Calcio,Sean Sogliano,23,Italy,Centre-Back,CB,-,Ancona Calcio,Italy,?,In,1994,s,serie-a,https://www.transfermarkt.co.uk/sean-sogliano/profil/spieler/16853
Torino Calcio,Paolo Cristallini,22,Italy,Attacking Midfield,AM,-,AC Pisa 1909,Italy,?,In,1994,s,serie-a,https://www.transfermarkt.co.uk/paolo-cristallini/profil/spieler/22191
Torino Calcio,Luigi Simoni,29,Italy,Goalkeeper,GK,-,Centese Calcio 1913,Italy,?,In,1994,s,serie-a,https://www.transfermarkt.co.uk/luigi-simoni/profil/spieler/255759
Torino Calcio,Marcão,21,Brazil,Centre-Forward,CF,-,Sociedade Esportiva Matsubara (PR),Brazil,?,In,1994,s,serie-a,https://www.transfermarkt.co.uk/marcao/profil/spieler/1388
Torino Calcio,Stefano Mercuri,16,Italy,Right-Back,RB,-,Torino FC Youth,Italy,-,In,1994,s,serie-a,https://www.transfermarkt.co.uk/stefano-mercuri/profil/spieler/288279
Torino Calcio,Pietro Sportillo,15,Italy,Centre-Back,CB,-,Torino Primavera,Italy,-,In,1994,s,serie-a,https://www.transfermarkt.co.uk/pietro-sportillo/profil/spieler/21959
Torino Calcio,Mauro Briano,19,Italy,Defensive Midfield,DM,-,Torino Primavera,Italy,-,In,1994,s,serie-a,https://www.transfermarkt.co.uk/mauro-briano/profil/spieler/24298
Torino Calcio,Moreno Longo,18,Italy,Right-Back,RB,-,Torino Primavera,Italy,-,In,1994,s,serie-a,https://www.transfermarkt.co.uk/moreno-longo/profil/spieler/5915
AC Fiorentina,Rui Costa,22,Portugal,Attacking Midfield,AM,-,SL Benfica,Portugal,£4.95m,In,1994,s,serie-a,https://www.transfermarkt.co.uk/rui-costa/profil/spieler/3624
AC Fiorentina,Enzo Gambaro,28,Italy,Left-Back,LB,-,Milan AC,Italy,Loan,In,1994,s,serie-a,https://www.transfermarkt.co.uk/enzo-gambaro/profil/spieler/142521
AC Fiorentina,Angelo Carbone,26,Italy,Right Midfield,RM,-,Milan AC,Italy,Loan,In,1994,s,serie-a,https://www.transfermarkt.co.uk/angelo-carbone/profil/spieler/177667
AC Fiorentina,Emiliano Betti,22,Italy,Goalkeeper,GK,-,AS Cosenza Calcio,Italy,?,In,1994,s,serie-a,https://www.transfermarkt.co.uk/emiliano-betti/profil/spieler/29601
AC Fiorentina,Márcio Santos,24,Brazil,Centre-Back,CB,-,FC Girondins Bordeaux,France,?,In,1994,s,serie-a,https://www.transfermarkt.co.uk/marcio-santos/profil/spieler/16326
AC Fiorentina,Stefano Carobbi,30,Italy,Right-Back,RB,-,US Lecce,Italy,?,In,1994,s,serie-a,https://www.transfermarkt.co.uk/stefano-carobbi/profil/spieler/214766
AC Fiorentina,Andrea Sottil,20,Italy,Centre-Back,CB,-,Torino Calcio,Italy,?,In,1994,s,serie-a,https://www.transfermarkt.co.uk/andrea-sottil/profil/spieler/5886
AC Fiorentina,Sandro Cois,21,Italy,Defensive Midfield,DM,-,Torino Calcio,Italy,?,In,1994,s,serie-a,https://www.transfermarkt.co.uk/sandro-cois/profil/spieler/133980
AC Fiorentina,Luca Vigiani,17,Italy,Right Midfield,RM,-,Fiorentina Primavera,Italy,-,In,1994,s,serie-a,https://www.transfermarkt.co.uk/luca-vigiani/profil/spieler/21237
AC Fiorentina,Christian Amoroso,17,Italy,Central Midfield,CM,-,Fiorentina Primavera,Italy,-,In,1994,s,serie-a,https://www.transfermarkt.co.uk/christian-amoroso/profil/spieler/5995
Juventus FC,Didier Deschamps,25,France,Defensive Midfield,DM,-,Olympique Marseille,France,£4.95m,In,1994,s,serie-a,https://www.transfermarkt.co.uk/didier-deschamps/profil/spieler/75553
Juventus FC,Ciro Ferrara,27,Italy,Centre-Back,CB,-,SSC Napoli,Italy,£4.65m,In,1994,s,serie-a,https://www.transfermarkt.co.uk/ciro-ferrara/profil/spieler/5749
Juventus FC,Paulo Sousa,23,Portugal,Central Midfield,CM,-,Sporting CP,Portugal,£3.60m,In,1994,s,serie-a,https://www.transfermarkt.co.uk/paulo-sousa/profil/spieler/1536
Juventus FC,Luca Fusi,31,Italy,Defensive Midfield,DM,-,Torino Calcio,Italy,?,In,1994,s,serie-a,https://www.transfermarkt.co.uk/luca-fusi/profil/spieler/118253
Juventus FC,Alessio Tacchinardi,18,Italy,Defensive Midfield,DM,-,Atalanta BC,Italy,?,In,1994,s,serie-a,https://www.transfermarkt.co.uk/alessio-tacchinardi/profil/spieler/5748
Juventus FC,Alessandro Orlando,24,Italy,Left-Back,LB,-,Milan AC,Italy,?,In,1994,s,serie-a,https://www.transfermarkt.co.uk/alessandro-orlando/profil/spieler/177685
Juventus FC,Robert Jarni,25,Croatia,Left-Back,LB,-,Torino Calcio,Italy,?,In,1994,s,serie-a,https://www.transfermarkt.co.uk/robert-jarni/profil/spieler/29556
Juventus FC,Simone Tognon,19,Italy,Midfielder,Midfielder,-,ASD Sparta Novara,Italy,?,In,1994,s,serie-a,https://www.transfermarkt.co.uk/simone-tognon/profil/spieler/228549
Juventus FC,Enrico Fantini,18,Italy,Centre-Forward,CF,-,Juventus Primavera,Italy,-,In,1994,s,serie-a,https://www.transfermarkt.co.uk/enrico-fantini/profil/spieler/21149
Foggia Calcio,Pasquale Padalino,21,Italy,Centre-Back,CB,-,US Lecce,Italy,?,In,1994,s,serie-a,https://www.transfermarkt.co.uk/pasquale-padalino/profil/spieler/151799
Foggia Calcio,Mauro Bressan,23,Italy,Defensive Midfield,DM,-,Como Calcio,Italy,?,In,1994,s,serie-a,https://www.transfermarkt.co.uk/mauro-bressan/profil/spieler/33326
Foggia Calcio,Alex Brunner,20,Italy,Goalkeeper,GK,-,Formia Calcio,Italy,?,In,1994,s,serie-a,https://www.transfermarkt.co.uk/alex-brunner/profil/spieler/102530
Foggia Calcio,Aniello Parisi,20,Italy,Centre-Back,CB,-,US Avellino,Italy,?,In,1994,s,serie-a,https://www.transfermarkt.co.uk/aniello-parisi/profil/spieler/226499
Foggia Calcio,Massimo Marazzina,19,Italy,Centre-Forward,CF,-,FC Internazionale,Italy,?,In,1994,s,serie-a,https://www.transfermarkt.co.uk/massimo-marazzina/profil/spieler/5930
Foggia Calcio,Oberdan Biagioni,24,Italy,Attacking Midfield,AM,-,Udinese Calcio,Italy,?,In,1994,s,serie-a,https://www.transfermarkt.co.uk/oberdan-biagioni/profil/spieler/224545
Foggia Calcio,Paolo Bianco,16,Italy,Centre-Back,CB,-,Foggia Berretti,Italy,-,In,1994,s,serie-a,https://www.transfermarkt.co.uk/paolo-bianco/profil/spieler/22102
Foggia Calcio,Leonardo Palmieri,20,Italy,Midfielder,Midfielder,-,Foggia Berretti,Italy,-,In,1994,s,serie-a,https://www.transfermarkt.co.uk/leonardo-palmieri/profil/spieler/338058
UC Sampdoria,Sinisa Mihajlovic,25,Serbia,Centre-Back,CB,-,AS Roma,Italy,£5.40m,In,1994,s,serie-a,https://www.transfermarkt.co.uk/sinisa-mihajlovic/profil/spieler/5834
UC Sampdoria,Riccardo Ferri,30,Italy,Centre-Back,CB,-,FC Internazionale,Italy,?,In,1994,s,serie-a,https://www.transfermarkt.co.uk/riccardo-ferri/profil/spieler/118251
UC Sampdoria,Matteo Gianello,18,Italy,Goalkeeper,GK,-,Chievo Verona,Italy,Loan,In,1994,s,serie-a,https://www.transfermarkt.co.uk/matteo-gianello/profil/spieler/21686
UC Sampdoria,Riccardo Maspero,23,Italy,Attacking Midfield,AM,-,US Cremonese,Italy,?,In,1994,s,serie-a,https://www.transfermarkt.co.uk/riccardo-maspero/profil/spieler/167091
UC Sampdoria,Walter Zenga,34,Italy,Goalkeeper,GK,-,FC Internazionale,Italy,?,In,1994,s,serie-a,https://www.transfermarkt.co.uk/walter-zenga/profil/spieler/116754
UC Sampdoria,Alessandro Melli,24,Italy,Centre-Forward,CF,-,AC Parma,Italy,?,In,1994,s,serie-a,https://www.transfermarkt.co.uk/alessandro-melli/profil/spieler/169663
Cagliari Calcio,Roberto Muzzi,23,Italy,Centre-Forward,CF,-,AS Roma,Italy,Free transfer,In,1994,s,serie-a,https://www.transfermarkt.co.uk/roberto-muzzi/profil/spieler/5900
Cagliari Calcio,Daniele Berretta,22,Italy,Defensive Midfield,DM,-,AS Roma,Italy,Loan,In,1994,s,serie-a,https://www.transfermarkt.co.uk/daniele-berretta/profil/spieler/6716
Cagliari Calcio,Andrea Benassi,18,Italy,Right-Back,RB,-,US Massese 1919,Italy,?,In,1994,s,serie-a,https://www.transfermarkt.co.uk/andrea-benassi/profil/spieler/293797
Cagliari Calcio,Antonio Bitetti,19,Italy,Attacking Midfield,AM,-,Polisportiva Matera,Italy,?,In,1994,s,serie-a,https://www.transfermarkt.co.uk/antonio-bitetti/profil/spieler/223335
Cagliari Calcio,Christian Lantignotti,24,Italy,Attacking Midfield,AM,-,AC Reggiana,Italy,?,In,1994,s,serie-a,https://www.transfermarkt.co.uk/christian-lantignotti/profil/spieler/214768
Cagliari Calcio,Luigi Molino,22,Italy,Forward,Forward,-,Olbia Calcio,Italy,?,In,1994,s,serie-a,https://www.transfermarkt.co.uk/luigi-molino/profil/spieler/297188
Cagliari Calcio,Francesco Paolo Tribuna,17,Italy,Forward,Forward,-,Cagliari Primavera,Italy,-,In,1994,s,serie-a,https://www.transfermarkt.co.uk/francesco-paolo-tribuna/profil/spieler/105019
US Cremonese,Mauro Milanese,22,Italy,Left-Back,LB,-,US Triestina,Italy,£360Th.,In,1994,s,serie-a,https://www.transfermarkt.co.uk/mauro-milanese/profil/spieler/6086
US Cremonese,Enrico Chiesa,23,Italy,Centre-Forward,CF,-,Modena FC,Italy,£90Th.,In,1994,s,serie-a,https://www.transfermarkt.co.uk/enrico-chiesa/profil/spieler/7329
US Cremonese,Luigi Garzya,24,Italy,Centre-Back,CB,-,AS Rom Youth,Italy,?,In,1994,s,serie-a,https://www.transfermarkt.co.uk/luigi-garzya/profil/spieler/151872
US Cremonese,Marco Bruzzano,26,Italy,Forward,Forward,-,AS Giarre Calcio,Italy,?,In,1994,s,serie-a,https://www.transfermarkt.co.uk/marco-bruzzano/profil/spieler/227637
US Cremonese,Giovanni Dall'Igna,21,Italy,Right-Back,RB,-,UC Sampdoria,Italy,?,In,1994,s,serie-a,https://www.transfermarkt.co.uk/giovanni-dalligna/profil/spieler/30628
US Cremonese,Jose Pirri,21,Italy,Midfielder,Midfielder,-,Centese Calcio 1913,Italy,?,In,1994,s,serie-a,https://www.transfermarkt.co.uk/jose-pirri/profil/spieler/254897
US Cremonese,Claudio Sclosa,33,Italy,Midfielder,Midfielder,-,SS Lazio,Italy,?,In,1994,s,serie-a,https://www.transfermarkt.co.uk/claudio-sclosa/profil/spieler/225174
US Cremonese,Riccardo Maspero,23,Italy,Attacking Midfield,AM,-,UC Sampdoria,Italy,?,In,1994,s,serie-a,https://www.transfermarkt.co.uk/riccardo-maspero/profil/spieler/167091
US Cremonese,Matteo Ghisolfi,19,Italy,Defender,Defender,-,Cremonese Berretti,Italy,-,In,1994,s,serie-a,https://www.transfermarkt.co.uk/matteo-ghisolfi/profil/spieler/734875
US Cremonese,Vanni Pessotto,20,Italy,Central Midfield,CM,-,Cremonese Berretti,Italy,-,In,1994,s,serie-a,https://www.transfermarkt.co.uk/vanni-pessotto/profil/spieler/318732
Calcio Padova,David Balleri,25,Italy,Right-Back,RB,-,AC Parma,Italy,?,In,1994,s,serie-a,https://www.transfermarkt.co.uk/david-balleri/profil/spieler/21182
Calcio Padova,Daniele Zoratto,32,Italy,Central Midfield,CM,-,AC Parma,Italy,?,In,1994,s,serie-a,https://www.transfermarkt.co.uk/daniele-zoratto/profil/spieler/216693
Calcio Padova,Roberto Putelli,24,Italy,Left Winger,LW,-,US Fiorenzuola 1922,Italy,?,In,1994,s,serie-a,https://www.transfermarkt.co.uk/roberto-putelli/profil/spieler/228316
Calcio Padova,Alexi Lalas,24,United States,Centre-Back,CB,-,United States,United States,?,In,1994,s,serie-a,https://www.transfermarkt.co.uk/alexi-lalas/profil/spieler/91919
Calcio Padova,Gianluca Zattarin,20,Italy,Centre-Back,CB,-,US Triestina,Italy,?,In,1994,s,serie-a,https://www.transfermarkt.co.uk/gianluca-zattarin/profil/spieler/24334
Calcio Padova,Goran Vlaovic,21,Croatia,Centre-Forward,CF,-,NK Croatia Zagreb,Croatia,?,In,1994,s,serie-a,https://www.transfermarkt.co.uk/goran-vlaovic/profil/spieler/9766
Calcio Padova,Carlo Perrone,33,Italy,Right Winger,RW,-,Atalanta BC,Italy,?,In,1994,s,serie-a,https://www.transfermarkt.co.uk/carlo-perrone/profil/spieler/223015
AC Reggiana,Paulo Futre,28,Portugal,Left Winger,LW,-,Olympique Marseille,France,£900Th.,In,1994,s,serie-a,https://www.transfermarkt.co.uk/paulo-futre/profil/spieler/27705
AC Reggiana,Sunday Oliseh,19,Nigeria,Defensive Midfield,DM,-,RC Lüttich,Belgium,?,In,1994,s,serie-a,https://www.transfermarkt.co.uk/sunday-oliseh/profil/spieler/127
AC Reggiana,Fernando De Napoli,30,Italy,Central Midfield,CM,-,Milan AC,Italy,?,In,1994,s,serie-a,https://www.transfermarkt.co.uk/fernando-de-napoli/profil/spieler/116755
AC Reggiana,Adriano Alex Taribello,17,Italy,Forward,Forward,-,Calcio Lecco 1912,Italy,?,In,1994,s,serie-a,https://www.transfermarkt.co.uk/adriano-alex-taribello/profil/spieler/227703
AC Reggiana,Francesco Antonioli,24,Italy,Goalkeeper,GK,-,AC Pisa 1909,Italy,?,In,1994,s,serie-a,https://www.transfermarkt.co.uk/francesco-antonioli/profil/spieler/5935
AC Reggiana,Giorgio Bresciani,25,Italy,Centre-Forward,CF,-,SSC Napoli,Italy,?,In,1994,s,serie-a,https://www.transfermarkt.co.uk/giorgio-bresciani/profil/spieler/222747
AC Reggiana,Monye Precious Onyabor,19,Nigeria,Midfielder,Midfielder,-,Enyimba Aba,Nigeria,?,In,1994,s,serie-a,https://www.transfermarkt.co.uk/monye-precious-onyabor/profil/spieler/255841
AC Reggiana,Angelo Gregucci,30,Italy,Defender,Defender,-,Torino Calcio,Italy,?,In,1994,s,serie-a,https://www.transfermarkt.co.uk/angelo-gregucci/profil/spieler/166893
AC Reggiana,Nunzio Falco,20,Italy,Forward,Forward,-,AC Pro Sesto,Italy,?,In,1994,s,serie-a,https://www.transfermarkt.co.uk/nunzio-falco/profil/spieler/227650
SSC Napoli,André Cruz,25,Brazil,Centre-Back,CB,-,Standard Liège,Belgium,Free transfer,In,1994,s,serie-a,https://www.transfermarkt.co.uk/andre-cruz/profil/spieler/17558
SSC Napoli,Alain Boghossian,23,France,Central Midfield,CM,-,Olympique Marseille,France,?,In,1994,s,serie-a,https://www.transfermarkt.co.uk/alain-boghossian/profil/spieler/4148
SSC Napoli,Salvatore Matrecano,23,Italy,Centre-Back,CB,-,AC Parma,Italy,?,In,1994,s,serie-a,https://www.transfermarkt.co.uk/salvatore-matrecano/profil/spieler/224531
SSC Napoli,Roberto Vezzosi,20,Italy,Right-Back,RB,-,US Città di Pontedera,Italy,?,In,1994,s,serie-a,https://www.transfermarkt.co.uk/roberto-vezzosi/profil/spieler/256562
SSC Napoli,Benny Carbone,22,Italy,Second Striker,SS,-,Torino Calcio,Italy,?,In,1994,s,serie-a,https://www.transfermarkt.co.uk/benny-carbone/profil/spieler/3389
SSC Napoli,Franco Lerda,26,Italy,Centre-Forward,CF,-,Brescia Calcio,Italy,?,In,1994,s,serie-a,https://www.transfermarkt.co.uk/franco-lerda/profil/spieler/166913
SSC Napoli,Luca Altomare,22,Italy,Central Midfield,CM,-,AS Lucchese Libertas,Italy,?,In,1994,s,serie-a,https://www.transfermarkt.co.uk/luca-altomare/profil/spieler/228559
SSC Napoli,Luca Luzardi,24,Italy,Centre-Back,CB,-,SS Lazio,Italy,?,In,1994,s,serie-a,https://www.transfermarkt.co.uk/luca-luzardi/profil/spieler/224935
SSC Napoli,Gaetano De Rosa,21,Italy,Centre-Back,CB,-,US Palermo,Italy,?,In,1994,s,serie-a,https://www.transfermarkt.co.uk/gaetano-de-rosa/profil/spieler/22106
SSC Napoli,Freddy Rincón,27,Colombia,Central Midfield,CM,-,Sociedade Esportiva Palmeiras,Brazil,?,In,1994,s,serie-a,https://www.transfermarkt.co.uk/freddy-rincon/profil/spieler/102163
SSC Napoli,Massimo Agostini,30,Italy,Centre-Forward,CF,-,Ancona Calcio,Italy,?,In,1994,s,serie-a,https://www.transfermarkt.co.uk/massimo-agostini/profil/spieler/180478
SSC Napoli,Gabriele Grossi,22,Italy,Left-Back,LB,-,AS Bari,Italy,?,In,1994,s,serie-a,https://www.transfermarkt.co.uk/gabriele-grossi/profil/spieler/227658
SSC Napoli,Salvatore D'Angelo,19,Italy,Centre-Back,CB,-,Napoli Primavera ,Italy,-,In,1994,s,serie-a,https://www.transfermarkt.co.uk/salvatore-dangelo/profil/spieler/294065
Milan AC,Jean-Pierre Papin,30,France,Centre-Forward,CF,-,Bayern Munich,Germany,£2.48m,Out,1994,s,serie-a,https://www.transfermarkt.co.uk/jean-pierre-papin/profil/spieler/17168
Milan AC,Giovane Elber,21,Brazil,Centre-Forward,CF,-,VfB Stuttgart,Germany,£1.44m,Out,1994,s,serie-a,https://www.transfermarkt.co.uk/giovane-elber/profil/spieler/198
Milan AC,Brian Laudrup,25,Denmark,Right Winger,RW,-,Rangers FC,Scotland,Free transfer,Out,1994,s,serie-a,https://www.transfermarkt.co.uk/brian-laudrup/profil/spieler/39667
Milan AC,Angelo Carbone,26,Italy,Right Midfield,RM,-,AC Fiorentina,Italy,Loan,Out,1994,s,serie-a,https://www.transfermarkt.co.uk/angelo-carbone/profil/spieler/177667
Milan AC,Daniele Guerzoni,18,Italy,Centre-Forward,CF,-,Calcio Monza,Italy,?,Out,1994,s,serie-a,https://www.transfermarkt.co.uk/daniele-guerzoni/profil/spieler/486466
Milan AC,Fernando De Napoli,30,Italy,Central Midfield,CM,-,AC Reggiana,Italy,?,Out,1994,s,serie-a,https://www.transfermarkt.co.uk/fernando-de-napoli/profil/spieler/116755
Milan AC,Giuseppe Cardone,20,Italy,Right-Back,RB,-,Società Calcio Leffe,Italy,Loan,Out,1994,s,serie-a,https://www.transfermarkt.co.uk/giuseppe-cardone/profil/spieler/16811
Milan AC,Francesco Cozza,20,Italy,Attacking Midfield,AM,-,Vicenza Calcio,Italy,Loan,Out,1994,s,serie-a,https://www.transfermarkt.co.uk/francesco-cozza/profil/spieler/6071
Milan AC,Florin Raducioiu,24,Romania,Centre-Forward,CF,-,RCD Espanyol Barcelona,Spain,?,Out,1994,s,serie-a,https://www.transfermarkt.co.uk/florin-raducioiu/profil/spieler/16167
Milan AC,Enzo Gambaro,28,Italy,Left-Back,LB,-,AC Fiorentina,Italy,Loan,Out,1994,s,serie-a,https://www.transfermarkt.co.uk/enzo-gambaro/profil/spieler/142521
Milan AC,Marco Pullo,26,Italy,Defender,Defender,-,AC Pro Sesto,Italy,?,Out,1994,s,serie-a,https://www.transfermarkt.co.uk/marco-pullo/profil/spieler/226506
Milan AC,Alessandro Orlando,24,Italy,Left-Back,LB,-,Juventus FC,Italy,?,Out,1994,s,serie-a,https://www.transfermarkt.co.uk/alessandro-orlando/profil/spieler/177685
AS Roma,Sinisa Mihajlovic,25,Serbia,Centre-Back,CB,-,UC Sampdoria,Italy,£5.40m,Out,1994,s,serie-a,https://www.transfermarkt.co.uk/sinisa-mihajlovic/profil/spieler/5834
AS Roma,Thomas Häßler,28,Germany,Attacking Midfield,AM,-,Karlsruher SC,Germany,£3.33m,Out,1994,s,serie-a,https://www.transfermarkt.co.uk/thomas-hassler/profil/spieler/553
AS Roma,Roberto Muzzi,23,Italy,Centre-Forward,CF,-,Cagliari Calcio,Italy,Free transfer,Out,1994,s,serie-a,https://www.transfermarkt.co.uk/roberto-muzzi/profil/spieler/5900
AS Roma,Antonino Bernardini,20,Italy,Defensive Midfield,DM,-,Torino Calcio,Italy,Loan,Out,1994,s,serie-a,https://www.transfermarkt.co.uk/antonino-bernardini/profil/spieler/19436
AS Roma,Valter Bonacina,29,Italy,Defensive Midfield,DM,-,Atalanta BC,Italy,?,Out,1994,s,serie-a,https://www.transfermarkt.co.uk/valter-bonacina/profil/spieler/218177
AS Roma,Steven Torbidoni,19,Italy,Midfielder,Midfielder,-,Reggina Calcio,Italy,?,Out,1994,s,serie-a,https://www.transfermarkt.co.uk/steven-torbidoni/profil/spieler/338016
AS Roma,Ruggiero Rizzitelli,26,Italy,Centre-Forward,CF,-,Torino Calcio,Italy,?,Out,1994,s,serie-a,https://www.transfermarkt.co.uk/ruggiero-rizzitelli/profil/spieler/16965
AS Roma,Andrea Pazzagli,34,Italy,Goalkeeper,GK,-,AC Prato,Italy,?,Out,1994,s,serie-a,https://www.transfermarkt.co.uk/andrea-pazzagli/profil/spieler/180477
AS Roma,Emilio Pellegrino,19,Italy,Defender,Defender,-,,Unknown,?,Out,1994,s,serie-a,https://www.transfermarkt.co.uk/emilio-pellegrino/profil/spieler/254395
AS Roma,Alessio Scarchilli,21,Italy,Attacking Midfield,AM,-,Udinese Calcio,Italy,?,Out,1994,s,serie-a,https://www.transfermarkt.co.uk/alessio-scarchilli/profil/spieler/16572
AS Roma,Daniele Berretta,22,Italy,Defensive Midfield,DM,-,Cagliari Calcio,Italy,Loan,Out,1994,s,serie-a,https://www.transfermarkt.co.uk/daniele-berretta/profil/spieler/6716
AS Roma,Antonio Comi,29,Italy,Centre-Back,CB,-,Como Calcio,Italy,?,Out,1994,s,serie-a,https://www.transfermarkt.co.uk/antonio-comi/profil/spieler/227457
AS Roma,Walter Lapini,20,Italy,Forward,Forward,-,AC Siena,Italy,?,Out,1994,s,serie-a,https://www.transfermarkt.co.uk/walter-lapini/profil/spieler/338642
AS Roma,Dario Rossi,21,Italy,Defender,Defender,-,US Lecce,Italy,?,Out,1994,s,serie-a,https://www.transfermarkt.co.uk/dario-rossi/profil/spieler/227785
AS Roma,Gianluca Festa,25,Italy,Right-Back,RB,-,FC Internazionale,Italy,"End of loanJun 30, 1994",Out,1994,s,serie-a,https://www.transfermarkt.co.uk/gianluca-festa/profil/spieler/5596
Brescia Calcio,Gheorghe Hagi,29,Romania,Attacking Midfield,AM,-,FC Barcelona,Spain,£3.60m,Out,1994,s,serie-a,https://www.transfermarkt.co.uk/gheorghe-hagi/profil/spieler/7939
Brescia Calcio,Marco Landucci,30,Italy,Goalkeeper,GK,-,US Avellino,Italy,?,Out,1994,s,serie-a,https://www.transfermarkt.co.uk/marco-landucci/profil/spieler/120404
Brescia Calcio,Nello Cusin,29,Italy,Goalkeeper,GK,-,Delfino Pescara 1936,Italy,?,Out,1994,s,serie-a,https://www.transfermarkt.co.uk/nello-cusin/profil/spieler/222775
Brescia Calcio,Dario Dossi,17,Italy,Defender,Defender,-,CPR Ospitaletto,Italy,?,Out,1994,s,serie-a,https://www.transfermarkt.co.uk/dario-dossi/profil/spieler/255168
Brescia Calcio,Paolo Bonfadini,22,Italy,Defender,Defender,-,Alzano Virescit,Italy,?,Out,1994,s,serie-a,https://www.transfermarkt.co.uk/paolo-bonfadini/profil/spieler/478248
Brescia Calcio,Stefano Ragnoli,19,Italy,Centre-Back,CB,-,Cremapergo Calcio,Italy,?,Out,1994,s,serie-a,https://www.transfermarkt.co.uk/stefano-ragnoli/profil/spieler/84976
Brescia Calcio,Sergio Domini,33,Italy,Midfielder,Midfielder,-,AS Lucchese Libertas,Italy,?,Out,1994,s,serie-a,https://www.transfermarkt.co.uk/sergio-domini/profil/spieler/224934
Brescia Calcio,Paolo Ziliani,23,Italy,Sweeper,SW,-,AS Cosenza Calcio,Italy,?,Out,1994,s,serie-a,https://www.transfermarkt.co.uk/paolo-ziliani/profil/spieler/228303
Brescia Calcio,Roberto Torchio,23,Italy,Midfielder,Midfielder,-,CPR Ospitaletto,Italy,?,Out,1994,s,serie-a,https://www.transfermarkt.co.uk/roberto-torchio/profil/spieler/448214
Brescia Calcio,Sergio Volpi,20,Italy,Central Midfield,CM,-,Carrarese Calcio 1908,Italy,Loan,Out,1994,s,serie-a,https://www.transfermarkt.co.uk/sergio-volpi/profil/spieler/16908
Brescia Calcio,Franco Lerda,26,Italy,Centre-Forward,CF,-,SSC Napoli,Italy,?,Out,1994,s,serie-a,https://www.transfermarkt.co.uk/franco-lerda/profil/spieler/166913
Brescia Calcio,Luigi Corino,28,Italy,Defender,Defender,-,AS Cosenza Calcio,Italy,?,Out,1994,s,serie-a,https://www.transfermarkt.co.uk/luigi-corino/profil/spieler/224930
Brescia Calcio,Andrea Borgogni,20,Italy,Midfielder,Midfielder,-,CPR Ospitaletto,Italy,?,Out,1994,s,serie-a,https://www.transfermarkt.co.uk/andrea-borgogni/profil/spieler/454858
FC Internazionale,Salvatore Schillaci,29,Italy,Centre-Forward,CF,-,Júbilo Iwata,Japan,Free transfer,Out,1994,s,serie-a,https://www.transfermarkt.co.uk/salvatore-schillaci/profil/spieler/90513
FC Internazionale,Massimo Marazzina,19,Italy,Centre-Forward,CF,-,Foggia Calcio,Italy,?,Out,1994,s,serie-a,https://www.transfermarkt.co.uk/massimo-marazzina/profil/spieler/5930
FC Internazionale,Walter Zenga,34,Italy,Goalkeeper,GK,-,UC Sampdoria,Italy,?,Out,1994,s,serie-a,https://www.transfermarkt.co.uk/walter-zenga/profil/spieler/116754
FC Internazionale,Riccardo Ferri,30,Italy,Centre-Back,CB,-,UC Sampdoria,Italy,?,Out,1994,s,serie-a,https://www.transfermarkt.co.uk/riccardo-ferri/profil/spieler/118251
FC Internazionale,Alessandro Rossi,19,Italy,Defender,Defender,-,ASD Sora Calcio 1907,Italy,?,Out,1994,s,serie-a,https://www.transfermarkt.co.uk/alessandro-rossi/profil/spieler/228874
FC Internazionale,Sergio Battistini,31,Italy,Defensive Midfield,DM,-,Brescia Calcio,Italy,?,Out,1994,s,serie-a,https://www.transfermarkt.co.uk/sergio-battistini/profil/spieler/120391
FC Internazionale,Antonio Manicone,27,Italy,Defensive Midfield,DM,-,Genoa 1893,Italy,Loan,Out,1994,s,serie-a,https://www.transfermarkt.co.uk/antonio-manicone/profil/spieler/223471
FC Internazionale,Igor Shalimov,25,Russia,Attacking Midfield,AM,-,MSV Duisburg,Germany,?,Out,1994,s,serie-a,https://www.transfermarkt.co.uk/igor-shalimov/profil/spieler/88150
FC Internazionale,Paolo Orlandoni,21,Italy,Goalkeeper,GK,-,AC Pro Sesto,Italy,Loan,Out,1994,s,serie-a,https://www.transfermarkt.co.uk/paolo-orlandoni/profil/spieler/21797
FC Internazionale,Beniamino Abate,32,Italy,Goalkeeper,GK,-,AS Fidelis Andria,Italy,?,Out,1994,s,serie-a,https://www.transfermarkt.co.uk/beniamino-abate/profil/spieler/223330
FC Internazionale,Paolo Tramezzani,23,Italy,Left-Back,LB,-,AC Venezia 1907,Italy,?,Out,1994,s,serie-a,https://www.transfermarkt.co.uk/paolo-tramezzani/profil/spieler/6406
AC Parma,Marco Ballotta,30,Italy,Goalkeeper,GK,-,Brescia Calcio,Italy,?,Out,1994,s,serie-a,https://www.transfermarkt.co.uk/marco-ballotta/profil/spieler/6034
AC Parma,Georges Grün,32,Belgium,Centre-Back,CB,-,RSC Anderlecht,Belgium,?,Out,1994,s,serie-a,https://www.transfermarkt.co.uk/georges-grun/profil/spieler/101745
AC Parma,Salvatore Matrecano,23,Italy,Centre-Back,CB,-,SSC Napoli,Italy,?,Out,1994,s,serie-a,https://www.transfermarkt.co.uk/salvatore-matrecano/profil/spieler/224531
AC Parma,Roberto Maltagliati,25,Italy,Centre-Back,CB,-,Torino Calcio,Italy,?,Out,1994,s,serie-a,https://www.transfermarkt.co.uk/roberto-maltagliati/profil/spieler/20742
AC Parma,Roberto Colacone,20,Italy,Second Striker,SS,-,Carrarese Calcio 1908,Italy,?,Out,1994,s,serie-a,https://www.transfermarkt.co.uk/roberto-colacone/profil/spieler/22312
AC Parma,Daniele Zoratto,32,Italy,Central Midfield,CM,-,Calcio Padova,Italy,?,Out,1994,s,serie-a,https://www.transfermarkt.co.uk/daniele-zoratto/profil/spieler/216693
AC Parma,Davide Falcioni,19,Italy,Goalkeeper,GK,-,Alma Juventus Fano 1906,Italy,?,Out,1994,s,serie-a,https://www.transfermarkt.co.uk/davide-falcioni/profil/spieler/164738
AC Parma,David Balleri,25,Italy,Right-Back,RB,-,Calcio Padova,Italy,?,Out,1994,s,serie-a,https://www.transfermarkt.co.uk/david-balleri/profil/spieler/21182
AC Parma,Alessandro Melli,24,Italy,Centre-Forward,CF,-,UC Sampdoria,Italy,?,Out,1994,s,serie-a,https://www.transfermarkt.co.uk/alessandro-melli/profil/spieler/169663
AC Parma,Marco Ferrari,27,Italy,Goalkeeper,GK,-,Forlì FC,Italy,?,Out,1994,s,serie-a,https://www.transfermarkt.co.uk/marco-ferrari/profil/spieler/229206
AC Parma,Gianfranco Circati,23,Italy,Defender,Defender,-,US Salernitana,Italy,?,Out,1994,s,serie-a,https://www.transfermarkt.co.uk/gianfranco-circati/profil/spieler/229203
Genoa 1893,Gianluca Berti,27,Italy,Goalkeeper,GK,-,Ancona Calcio,Italy,Free transfer,Out,1994,s,serie-a,https://www.transfermarkt.co.uk/gianluca-berti/profil/spieler/6010
Genoa 1893,Davide Nicola,21,Italy,Right-Back,RB,-,Ancona Calcio,Italy,Loan,Out,1994,s,serie-a,https://www.transfermarkt.co.uk/davide-nicola/profil/spieler/21826
Genoa 1893,Marciano Vink,23,Netherlands,Defensive Midfield,DM,-,PSV Eindhoven,Netherlands,?,Out,1994,s,serie-a,https://www.transfermarkt.co.uk/marciano-vink/profil/spieler/107144
Genoa 1893,Andrea Bianchi,25,Italy,Midfielder,Midfielder,-,US Alessandria Calcio,Italy,?,Out,1994,s,serie-a,https://www.transfermarkt.co.uk/andrea-bianchi/profil/spieler/223452
Genoa 1893,Massimiliano Corrado,22,Italy,Right-Back,RB,-,AC Perugia,Italy,?,Out,1994,s,serie-a,https://www.transfermarkt.co.uk/massimiliano-corrado/profil/spieler/223460
Genoa 1893,Lajos Détári,31,Hungary,Attacking Midfield,AM,-,Neuchâtel Xamax,Switzerland,?,Out,1994,s,serie-a,https://www.transfermarkt.co.uk/lajos-detari/profil/spieler/97894
Genoa 1893,Nicola Caricola,31,Italy,Centre-Back,CB,-,Torino Calcio,Italy,?,Out,1994,s,serie-a,https://www.transfermarkt.co.uk/nicola-caricola/profil/spieler/217801
Genoa 1893,Roberto Murgita,25,Italy,Centre-Forward,CF,-,Vicenza Calcio,Italy,?,Out,1994,s,serie-a,https://www.transfermarkt.co.uk/roberto-murgita/profil/spieler/169651
Genoa 1893,Dan Petrescu,26,Romania,Right-Back,RB,-,Sheffield Wednesday,England,?,Out,1994,s,serie-a,https://www.transfermarkt.co.uk/dan-petrescu/profil/spieler/102023
Genoa 1893,Luca Cavallo,21,Italy,Right Midfield,RM,-,AC Perugia,Italy,?,Out,1994,s,serie-a,https://www.transfermarkt.co.uk/luca-cavallo/profil/spieler/21916
Genoa 1893,Gianpaolo Spagnulo,30,Italy,Goalkeeper,GK,-,Delfino Pescara 1936,Italy,?,Out,1994,s,serie-a,https://www.transfermarkt.co.uk/gianpaolo-spagnulo/profil/spieler/223490
AS Bari,Giovanni Indiveri,19,Italy,Goalkeeper,GK,-,Olbia Calcio,Italy,?,Out,1994,s,serie-a,https://www.transfermarkt.co.uk/giovanni-indiveri/profil/spieler/24310
AS Bari,Luca Gentili,22,Italy,Goalkeeper,GK,-,Barletta Calcio Sport,Italy,Loan,Out,1994,s,serie-a,https://www.transfermarkt.co.uk/luca-gentili/profil/spieler/24324
AS Bari,Berardino Capocchiano,28,Italy,Centre-Forward,CF,-,US Avellino,Italy,?,Out,1994,s,serie-a,https://www.transfermarkt.co.uk/berardino-capocchiano/profil/spieler/78847
AS Bari,Fabio Di Domenico,18,Italy,Forward,Forward,-,Molfetta Calcio,Italy,?,Out,1994,s,serie-a,https://www.transfermarkt.co.uk/fabio-di-domenico/profil/spieler/448217
AS Bari,Joao Paulo,29,Brazil,Forward,Forward,-,CF Vasco da Gama,Portugal,?,Out,1994,s,serie-a,https://www.transfermarkt.co.uk/joao-paulo/profil/spieler/228134
AS Bari,Michele Andrisani,20,Italy,Defensive Midfield,DM,-,AC Palazzolo,Italy,Loan,Out,1994,s,serie-a,https://www.transfermarkt.co.uk/michele-andrisani/profil/spieler/24288
AS Bari,Carmelo Puglisi,22,Italy,Midfielder,Midfielder,-,Rimini FC,Italy,?,Out,1994,s,serie-a,https://www.transfermarkt.co.uk/carmelo-puglisi/profil/spieler/254113
AS Bari,Luigi Caggianelli,21,Italy,Defender,Defender,-,AS Bisceglie 1913,Italy,?,Out,1994,s,serie-a,https://www.transfermarkt.co.uk/luigi-caggianelli/profil/spieler/456194
AS Bari,Angelo Colombo,33,Italy,Right Midfield,RM,-,Marconi Stallions,Australia,?,Out,1994,s,serie-a,https://www.transfermarkt.co.uk/angelo-colombo/profil/spieler/120523
AS Bari,Gabriele Grossi,22,Italy,Left-Back,LB,-,SSC Napoli,Italy,?,Out,1994,s,serie-a,https://www.transfermarkt.co.uk/gabriele-grossi/profil/spieler/227658
AS Bari,Maurizio Laureri,28,Italy,Midfielder,Midfielder,-,Como Calcio,Italy,?,Out,1994,s,serie-a,https://www.transfermarkt.co.uk/maurizio-laureri/profil/spieler/228202
AS Bari,Donato Gentile,19,Italy,Midfielder,Midfielder,-,Vigor Trani,Italy,?,Out,1994,s,serie-a,https://www.transfermarkt.co.uk/donato-gentile/profil/spieler/455215
SS Lazio,Thomas Doll,28,Germany,Attacking Midfield,AM,-,Eintracht Frankfurt,Germany,£1.58m,Out,1994,s,serie-a,https://www.transfermarkt.co.uk/thomas-doll/profil/spieler/1455
SS Lazio,Claudio Sclosa,33,Italy,Midfielder,Midfielder,-,US Cremonese,Italy,?,Out,1994,s,serie-a,https://www.transfermarkt.co.uk/claudio-sclosa/profil/spieler/225174
SS Lazio,Luca Luzardi,24,Italy,Centre-Back,CB,-,SSC Napoli,Italy,?,Out,1994,s,serie-a,https://www.transfermarkt.co.uk/luca-luzardi/profil/spieler/224935
SS Lazio,Luigi Corino,28,Italy,Defender,Defender,-,Brescia Calcio,Italy,?,Out,1994,s,serie-a,https://www.transfermarkt.co.uk/luigi-corino/profil/spieler/224930
SS Lazio,Fabrizio Di Mauro,29,Italy,Defensive Midfield,DM,-,AC Fiorentina,Italy,"End of loanJun 30, 1994",Out,1994,s,serie-a,https://www.transfermarkt.co.uk/fabrizio-di-mauro/profil/spieler/224932
Torino Calcio,Yahaya Mallam,19,Ghana,Attacking Midfield,AM,-,Borussia Dortmund,Germany,Free transfer,Out,1994,s,serie-a,https://www.transfermarkt.co.uk/yahaya-mallam/profil/spieler/17858
Torino Calcio,Daniele Delli Carri,22,Italy,Centre-Back,CB,-,Genoa 1893,Italy,Free transfer,Out,1994,s,serie-a,https://www.transfermarkt.co.uk/daniele-delli-carri/profil/spieler/15336
Torino Calcio,Paolo Poggi,23,Italy,Centre-Forward,CF,-,Udinese Calcio,Italy,?,Out,1994,s,serie-a,https://www.transfermarkt.co.uk/paolo-poggi/profil/spieler/7432
Torino Calcio,Marcelo Saralegui,23,Uruguay,Attacking Midfield,AM,-,Racing Club,Argentina,?,Out,1994,s,serie-a,https://www.transfermarkt.co.uk/marcelo-saralegui/profil/spieler/227724
Torino Calcio,Michele Marcolini,18,Italy,Central Midfield,CM,-,ASD Sora Calcio 1907,Italy,?,Out,1994,s,serie-a,https://www.transfermarkt.co.uk/michele-marcolini/profil/spieler/19443
Torino Calcio,Pasquale Luiso,24,Italy,Centre-Forward,CF,-,Delfino Pescara 1936,Italy,Loan,Out,1994,s,serie-a,https://www.transfermarkt.co.uk/pasquale-luiso/profil/spieler/24326
Torino Calcio,Luca Fusi,31,Italy,Defensive Midfield,DM,-,Juventus FC,Italy,?,Out,1994,s,serie-a,https://www.transfermarkt.co.uk/luca-fusi/profil/spieler/118253
Torino Calcio,Carlos Aguilera,29,Uruguay,Centre-Forward,CF,-,CA Peñarol,Uruguay,?,Out,1994,s,serie-a,https://www.transfermarkt.co.uk/carlos-aguilera/profil/spieler/116069
Torino Calcio,Domenico Doardo,19,Italy,Goalkeeper,GK,-,Ravenna FC,Italy,?,Out,1994,s,serie-a,https://www.transfermarkt.co.uk/domenico-doardo/profil/spieler/21862
Torino Calcio,Robert Jarni,25,Croatia,Left-Back,LB,-,Juventus FC,Italy,?,Out,1994,s,serie-a,https://www.transfermarkt.co.uk/robert-jarni/profil/spieler/29556
Torino Calcio,Marco Sesia,24,Italy,Midfielder,Midfielder,-,US Alessandria Calcio,Italy,?,Out,1994,s,serie-a,https://www.transfermarkt.co.uk/marco-sesia/profil/spieler/227518
Torino Calcio,Raffaele Sergio,27,Italy,Left-Back,LB,-,Ancona Calcio,Italy,?,Out,1994,s,serie-a,https://www.transfermarkt.co.uk/raffaele-sergio/profil/spieler/224538
Torino Calcio,Gabriele Graziani,19,Italy,Centre-Forward,CF,-,SS Nola 1925,Italy,?,Out,1994,s,serie-a,https://www.transfermarkt.co.uk/gabriele-graziani/profil/spieler/25329
Torino Calcio,Gianluca Petrachi,25,Italy,Midfielder,Midfielder,-,US Palermo,Italy,?,Out,1994,s,serie-a,https://www.transfermarkt.co.uk/gianluca-petrachi/profil/spieler/227503
Torino Calcio,Angelo Gregucci,30,Italy,Defender,Defender,-,AC Reggiana,Italy,?,Out,1994,s,serie-a,https://www.transfermarkt.co.uk/angelo-gregucci/profil/spieler/166893
Torino Calcio,Giorgio Venturin,25,Italy,Central Midfield,CM,-,SS Lazio,Italy,?,Out,1994,s,serie-a,https://www.transfermarkt.co.uk/giorgio-venturin/profil/spieler/180554
Torino Calcio,Benny Carbone,22,Italy,Second Striker,SS,-,SSC Napoli,Italy,?,Out,1994,s,serie-a,https://www.transfermarkt.co.uk/benny-carbone/profil/spieler/3389
Torino Calcio,Daniele Fortunato,31,Italy,Defensive Midfield,DM,-,Atalanta BC,Italy,?,Out,1994,s,serie-a,https://www.transfermarkt.co.uk/daniele-fortunato/profil/spieler/223002
Torino Calcio,Enzo Francescoli,32,Uruguay,Second Striker,SS,-,Club Atlético River Plate,Argentina,?,Out,1994,s,serie-a,https://www.transfermarkt.co.uk/enzo-francescoli/profil/spieler/116072
Torino Calcio,Roberto Mussi,30,Italy,Right-Back,RB,-,AC Parma,Italy,?,Out,1994,s,serie-a,https://www.transfermarkt.co.uk/roberto-mussi/profil/spieler/102482
Torino Calcio,Vittorio Tosto,20,Italy,Left-Back,LB,-,AS Lucchese Libertas,Italy,?,Out,1994,s,serie-a,https://www.transfermarkt.co.uk/vittorio-tosto/profil/spieler/22216
Torino Calcio,Giovanni Galli,36,Italy,Goalkeeper,GK,-,AC Parma,Italy,?,Out,1994,s,serie-a,https://www.transfermarkt.co.uk/giovanni-galli/profil/spieler/116706
Torino Calcio,Gianluca Sordo,24,Italy,Right Midfield,RM,-,Milan AC,Italy,?,Out,1994,s,serie-a,https://www.transfermarkt.co.uk/gianluca-sordo/profil/spieler/142983
Torino Calcio,Andrea Sottil,20,Italy,Centre-Back,CB,-,AC Fiorentina,Italy,?,Out,1994,s,serie-a,https://www.transfermarkt.co.uk/andrea-sottil/profil/spieler/5886
Torino Calcio,Sandro Cois,21,Italy,Defensive Midfield,DM,-,AC Fiorentina,Italy,?,Out,1994,s,serie-a,https://www.transfermarkt.co.uk/sandro-cois/profil/spieler/133980
AC Fiorentina,Stefan Effenberg,25,Germany,Central Midfield,CM,-,Borussia Mönchengladbach,Germany,Loan fee:£675Th.,Out,1994,s,serie-a,https://www.transfermarkt.co.uk/stefan-effenberg/profil/spieler/197
AC Fiorentina,Mario Faccenda,33,Italy,Centre-Back,CB,-,Carrarese Calcio 1908,Italy,?,Out,1994,s,serie-a,https://www.transfermarkt.co.uk/mario-faccenda/profil/spieler/226446
AC Fiorentina,Lorenzo D'Anna,22,Italy,Centre-Back,CB,-,Chievo Verona,Italy,?,Out,1994,s,serie-a,https://www.transfermarkt.co.uk/lorenzo-danna/profil/spieler/5913
AC Fiorentina,Giuseppe Iachini,30,Italy,Defensive Midfield,DM,-,US Palermo,Italy,?,Out,1994,s,serie-a,https://www.transfermarkt.co.uk/giuseppe-iachini/profil/spieler/120402
AC Fiorentina,Giuseppe Antonaccio,22,Italy,Left-Back,LB,-,SS Nola 1925,Italy,?,Out,1994,s,serie-a,https://www.transfermarkt.co.uk/giuseppe-antonaccio/profil/spieler/22263
AC Fiorentina,Gionata Bruni,19,Italy,Centre-Back,CB,-,AC Arezzo,Italy,?,Out,1994,s,serie-a,https://www.transfermarkt.co.uk/gionata-bruni/profil/spieler/336810
AC Fiorentina,Emiliano Betti,22,Italy,Goalkeeper,GK,-,Barletta Calcio Sport,Italy,?,Out,1994,s,serie-a,https://www.transfermarkt.co.uk/emiliano-betti/profil/spieler/29601
AC Fiorentina,Mauro Zironelli,24,Italy,Midfielder,Midfielder,-,Chievo Verona,Italy,?,Out,1994,s,serie-a,https://www.transfermarkt.co.uk/mauro-zironelli/profil/spieler/314705
AC Fiorentina,Daniele Beltrammi,20,Italy,Second Striker,SS,-,AS Lodigiani,Italy,Loan,Out,1994,s,serie-a,https://www.transfermarkt.co.uk/daniele-beltrammi/profil/spieler/227271
AC Fiorentina,Fabio Di Sole,20,Italy,Centre-Back,CB,-,US Catanzaro,Italy,?,Out,1994,s,serie-a,https://www.transfermarkt.co.uk/fabio-di-sole/profil/spieler/39677
AC Fiorentina,David Dei,20,Italy,Goalkeeper,GK,-,FC Sporting Benevento,Italy,?,Out,1994,s,serie-a,https://www.transfermarkt.co.uk/david-dei/profil/spieler/22136
AC Fiorentina,Massimo Orlando,23,Italy,Forward,Forward,-,Milan AC,Italy,?,Out,1994,s,serie-a,https://www.transfermarkt.co.uk/massimo-orlando/profil/spieler/175938
AC Fiorentina,Giacomo Banchelli,21,Italy,Centre-Forward,CF,-,AS Cosenza Calcio,Italy,Loan,Out,1994,s,serie-a,https://www.transfermarkt.co.uk/giacomo-banchelli/profil/spieler/223333
Juventus FC,Andreas Möller,26,Germany,Attacking Midfield,AM,-,Borussia Dortmund,Germany,£4.14m,Out,1994,s,serie-a,https://www.transfermarkt.co.uk/andreas-moller/profil/spieler/124
Juventus FC,Dino Baggio,22,Italy,Defensive Midfield,DM,-,AC Parma,Italy,£4.05m,Out,1994,s,serie-a,https://www.transfermarkt.co.uk/dino-baggio/profil/spieler/5843
Juventus FC,Júlio César,31,Brazil,Centre-Back,CB,-,Borussia Dortmund,Germany,£1.13m,Out,1994,s,serie-a,https://www.transfermarkt.co.uk/julio-cesar/profil/spieler/30945
Juventus FC,Francesco Baldini,20,Italy,Centre-Back,CB,-,AS Lucchese Libertas,Italy,£900Th.,Out,1994,s,serie-a,https://www.transfermarkt.co.uk/francesco-baldini/profil/spieler/21901
Juventus FC,Marco Moro,24,Italy,Midfielder,Midfielder,-,US Città di Pontedera,Italy,?,Out,1994,s,serie-a,https://www.transfermarkt.co.uk/marco-moro/profil/spieler/478240
Juventus FC,Alessandro Dal Canto,19,Italy,Left-Back,LB,-,Vicenza Calcio,Italy,?,Out,1994,s,serie-a,https://www.transfermarkt.co.uk/alessandro-dal-canto/profil/spieler/24320
Juventus FC,Roberto Galia,31,Italy,Left Midfield,LM,-,Ascoli Calcio 1898,Italy,?,Out,1994,s,serie-a,https://www.transfermarkt.co.uk/roberto-galia/profil/spieler/121091
Juventus FC,Gianluca Francesconi,22,Italy,Centre-Back,CB,-,Genoa 1893,Italy,?,Out,1994,s,serie-a,https://www.transfermarkt.co.uk/gianluca-francesconi/profil/spieler/223464
Juventus FC,Daniel Terrera,20,Italy,Defender,Defender,-,US Fiorenzuola 1922,Italy,?,Out,1994,s,serie-a,https://www.transfermarkt.co.uk/daniel-terrera/profil/spieler/337207
Juventus FC,Luigi Sartor,19,Italy,Right-Back,RB,-,Vicenza Calcio,Italy,?,Out,1994,s,serie-a,https://www.transfermarkt.co.uk/luigi-sartor/profil/spieler/5941
Juventus FC,Christian Manfredini,19,Cote d'Ivoire,Left Winger,LW,-,US Pistoiese 1921,Italy,Loan,Out,1994,s,serie-a,https://www.transfermarkt.co.uk/christian-manfredini/profil/spieler/5850
Juventus FC,Fabio Marchioro,26,Italy,Goalkeeper,GK,-,Bologna FC 1909,Italy,?,Out,1994,s,serie-a,https://www.transfermarkt.co.uk/fabio-marchioro/profil/spieler/55770
Juventus FC,Massimiliano Notari,22,Italy,Defender,Defender,-,ASD Acireale Calcio,Italy,?,Out,1994,s,serie-a,https://www.transfermarkt.co.uk/massimiliano-notari/profil/spieler/229198
Juventus FC,Zoran Ban,21,Croatia,Centre-Forward,CF,-,Belenenses SAD,Portugal,?,Out,1994,s,serie-a,https://www.transfermarkt.co.uk/zoran-ban/profil/spieler/12899
Juventus FC,Omar Milanetto,18,Italy,Defensive Midfield,DM,-,US Fiorenzuola 1922,Italy,?,Out,1994,s,serie-a,https://www.transfermarkt.co.uk/omar-milanetto/profil/spieler/7430
Juventus FC,Federico Giampaolo,24,Italy,Attacking Midfield,AM,-,Delfino Pescara 1936,Italy,Loan,Out,1994,s,serie-a,https://www.transfermarkt.co.uk/federico-giampaolo/profil/spieler/22273
Juventus FC,Jonatan Binotto,19,Italy,Right Winger,RW,-,Ascoli Calcio 1898,Italy,?,Out,1994,s,serie-a,https://www.transfermarkt.co.uk/jonatan-binotto/profil/spieler/28009
Foggia Calcio,Bryan Roy,24,Netherlands,Left Winger,LW,-,Nottingham Forest,England,£2.25m,Out,1994,s,serie-a,https://www.transfermarkt.co.uk/bryan-roy/profil/spieler/351
Foggia Calcio,Gianluca Grassadonia,22,Italy,Centre-Back,CB,-,US Salernitana,Italy,Free transfer,Out,1994,s,serie-a,https://www.transfermarkt.co.uk/gianluca-grassadonia/profil/spieler/21833
Foggia Calcio,Giovanni Stroppa,26,Italy,Attacking Midfield,AM,-,Milan AC,Italy,?,Out,1994,s,serie-a,https://www.transfermarkt.co.uk/giovanni-stroppa/profil/spieler/167574
Foggia Calcio,Giovanni Giuseppe Di Meglio,19,Italy,Centre-Back,CB,-,AS Bisceglie 1913,Italy,?,Out,1994,s,serie-a,https://www.transfermarkt.co.uk/giovanni-giuseppe-di-meglio/profil/spieler/55807
Foggia Calcio,José Chamot,25,Argentina,Centre-Back,CB,-,SS Lazio,Italy,?,Out,1994,s,serie-a,https://www.transfermarkt.co.uk/jose-chamot/profil/spieler/5805
Foggia Calcio,Mauro Bacchin,24,Italy,Goalkeeper,GK,-,Casarano Calcio,Italy,?,Out,1994,s,serie-a,https://www.transfermarkt.co.uk/mauro-bacchin/profil/spieler/226400
Foggia Calcio,Giuseppe Fornaciari,26,Italy,Centre-Back,CB,-,US Avellino,Italy,?,Out,1994,s,serie-a,https://www.transfermarkt.co.uk/giuseppe-fornaciari/profil/spieler/226449
Foggia Calcio,Donatello Gasparini,22,Italy,Defender,Defender,-,Atletico Catania,Italy,?,Out,1994,s,serie-a,https://www.transfermarkt.co.uk/donatello-gasparini/profil/spieler/226451
Foggia Calcio,Andrea Seno,28,Italy,Central Midfield,CM,-,FC Internazionale,Italy,?,Out,1994,s,serie-a,https://www.transfermarkt.co.uk/andrea-seno/profil/spieler/199794
Foggia Calcio,Gualtiero Grandini,26,Italy,Left-Back,LB,-,AC Marzotto Valdagno,Italy,?,Out,1994,s,serie-a,https://www.transfermarkt.co.uk/gualtiero-grandini/profil/spieler/226457
Foggia Calcio,Fabio Troccoli,20,Italy,Forward,Forward,-,,Retired,-,Out,1994,s,serie-a,https://www.transfermarkt.co.uk/fabio-troccoli/profil/spieler/254112
Foggia Calcio,Andrea Martire,19,Italy,Goalkeeper,GK,-,,Retired,-,Out,1994,s,serie-a,https://www.transfermarkt.co.uk/andrea-martire/profil/spieler/255959
UC Sampdoria,Ruud Gullit,31,Netherlands,Second Striker,SS,-,Milan AC,Italy,£540Th.,Out,1994,s,serie-a,https://www.transfermarkt.co.uk/ruud-gullit/profil/spieler/101045
UC Sampdoria,Claudio Bellucci,19,Italy,Centre-Forward,CF,-,US Fiorenzuola 1922,Italy,Loan,Out,1994,s,serie-a,https://www.transfermarkt.co.uk/claudio-bellucci/profil/spieler/6008
UC Sampdoria,Riccardo Maspero,23,Italy,Attacking Midfield,AM,-,US Cremonese,Italy,?,Out,1994,s,serie-a,https://www.transfermarkt.co.uk/riccardo-maspero/profil/spieler/167091
UC Sampdoria,Giovanni Dall'Igna,21,Italy,Right-Back,RB,-,US Cremonese,Italy,?,Out,1994,s,serie-a,https://www.transfermarkt.co.uk/giovanni-dalligna/profil/spieler/30628
UC Sampdoria,Nicola Amoruso,19,Italy,Centre-Forward,CF,-,AS Fidelis Andria,Italy,?,Out,1994,s,serie-a,https://www.transfermarkt.co.uk/nicola-amoruso/profil/spieler/4150
UC Sampdoria,Roberto Bucchioni,21,Italy,Defender,Defender,-,Bologna FC 1909,Italy,?,Out,1994,s,serie-a,https://www.transfermarkt.co.uk/roberto-bucchioni/profil/spieler/229090
UC Sampdoria,Gianluca Pagliuca,27,Italy,Goalkeeper,GK,-,FC Internazionale,Italy,?,Out,1994,s,serie-a,https://www.transfermarkt.co.uk/gianluca-pagliuca/profil/spieler/5985
UC Sampdoria,Matteo Sereni,19,Italy,Goalkeeper,GK,-,AC Crevalcore,Italy,Loan,Out,1994,s,serie-a,https://www.transfermarkt.co.uk/matteo-sereni/profil/spieler/5964
UC Sampdoria,Giulio Nuciari,35,Italy,Goalkeeper,GK,-,,Retired,-,Out,1994,s,serie-a,https://www.transfermarkt.co.uk/giulio-nuciari/profil/spieler/169653
UC Sampdoria,Srecko Katanec,30,Slovenia,Defensive Midfield,DM,-,,Retired,-,Out,1994,s,serie-a,https://www.transfermarkt.co.uk/srecko-katanec/profil/spieler/97138
UC Sampdoria,Andrea Barigione,19,Italy,Goalkeeper,GK,-,,Retired,-,Out,1994,s,serie-a,https://www.transfermarkt.co.uk/andrea-barigione/profil/spieler/569025
Cagliari Calcio,Dario Marcolin,22,Italy,Defensive Midfield,DM,-,Genoa 1893,Italy,?,Out,1994,s,serie-a,https://www.transfermarkt.co.uk/dario-marcolin/profil/spieler/3510
Cagliari Calcio,Antonio Aloisi,25,Italy,Defender,Defender,-,AC Cesena,Italy,?,Out,1994,s,serie-a,https://www.transfermarkt.co.uk/antonio-aloisi/profil/spieler/223331
Cagliari Calcio,Gianfranco Matteoli,35,Italy,Midfielder,Midfielder,-,AC Perugia,Italy,?,Out,1994,s,serie-a,https://www.transfermarkt.co.uk/gianfranco-matteoli/profil/spieler/214675
Cagliari Calcio,Antonio Criniti,23,Italy,Forward,Forward,-,US Palermo,Italy,?,Out,1994,s,serie-a,https://www.transfermarkt.co.uk/antonio-criniti/profil/spieler/6099
Cagliari Calcio,Francesco Moriero,25,Italy,Right Winger,RW,-,AS Roma,Italy,?,Out,1994,s,serie-a,https://www.transfermarkt.co.uk/francesco-moriero/profil/spieler/108638
Cagliari Calcio,Nunzio La Torre,21,Italy,Midfielder,Midfielder,-,Città di Siracusa,Italy,-,Out,1994,s,serie-a,https://www.transfermarkt.co.uk/nunzio-la-torre/profil/spieler/298139
US Cremonese,Alessandro Mannini,36,Italy,Goalkeeper,GK,-,FC Esperia Viareggio,Italy,?,Out,1994,s,serie-a,https://www.transfermarkt.co.uk/alessandro-mannini/profil/spieler/227280
US Cremonese,Marco Pedretti,21,Italy,Defender,Defender,-,Novara Calcio 1908,Italy,?,Out,1994,s,serie-a,https://www.transfermarkt.co.uk/marco-pedretti/profil/spieler/337109
US Cremonese,Francesco Colonnese,22,Italy,Centre-Back,CB,-,AS Roma,Italy,?,Out,1994,s,serie-a,https://www.transfermarkt.co.uk/francesco-colonnese/profil/spieler/5836
US Cremonese,Riccardo Castagna,22,Italy,Centre-Back,CB,-,Vicenza Calcio,Italy,Loan,Out,1994,s,serie-a,https://www.transfermarkt.co.uk/riccardo-castagna/profil/spieler/227641
US Cremonese,Marco Bruzzano,26,Italy,Forward,Forward,-,Carrarese Calcio 1908,Italy,?,Out,1994,s,serie-a,https://www.transfermarkt.co.uk/marco-bruzzano/profil/spieler/227637
US Cremonese,Alfredo Bassani,23,Italy,Defender,Defender,-,Como Calcio,Italy,Loan,Out,1994,s,serie-a,https://www.transfermarkt.co.uk/alfredo-bassani/profil/spieler/227590
US Cremonese,Riccardo Maspero,23,Italy,Attacking Midfield,AM,-,UC Sampdoria,Italy,?,Out,1994,s,serie-a,https://www.transfermarkt.co.uk/riccardo-maspero/profil/spieler/167091
US Cremonese,Manolo Guindani,23,Italy,Forward,Forward,-,Novara Calcio 1908,Italy,?,Out,1994,s,serie-a,https://www.transfermarkt.co.uk/manolo-guindani/profil/spieler/227659
US Cremonese,Gustavo Dezotti,30,Argentina,Centre-Forward,CF,-,Club León FC,Mexico,?,Out,1994,s,serie-a,https://www.transfermarkt.co.uk/gustavo-dezotti/profil/spieler/106975
US Cremonese,Mario Montorfano,33,Italy,Centre-Back,CB,-,,Retired,-,Out,1994,s,serie-a,https://www.transfermarkt.co.uk/mario-montorfano/profil/spieler/227677
Calcio Padova,Andrea Boscolo,19,Italy,Defensive Midfield,DM,-,ACD Treviso,Italy,?,Out,1994,s,serie-a,https://www.transfermarkt.co.uk/andrea-boscolo/profil/spieler/21911
Calcio Padova,Andrea Giordano,25,Italy,Forward,Forward,-,Chievo Verona,Italy,?,Out,1994,s,serie-a,https://www.transfermarkt.co.uk/andrea-giordano/profil/spieler/338644
Calcio Padova,Ferdinando Ruffini,32,Italy,Midfielder,Midfielder,-,Real Giulianova SSD,Italy,?,Out,1994,s,serie-a,https://www.transfermarkt.co.uk/ferdinando-ruffini/profil/spieler/448702
Calcio Padova,Angelo Montrone,26,Italy,Forward,Forward,-,Delfino Pescara 1936,Italy,?,Out,1994,s,serie-a,https://www.transfermarkt.co.uk/angelo-montrone/profil/spieler/335827
Calcio Padova,Gabriele Cardini,21,Italy,Midfielder,Midfielder,-,Calcio Sandonà,Italy,?,Out,1994,s,serie-a,https://www.transfermarkt.co.uk/gabriele-cardini/profil/spieler/190855
Calcio Padova,Riccardo Bigon,23,Italy,Defender,Defender,-,AC Mestre,Italy,?,Out,1994,s,serie-a,https://www.transfermarkt.co.uk/riccardo-bigon/profil/spieler/394467
Calcio Padova,Roberto Simonetta,28,Italy,Left Winger,LW,-,AS Lucchese Libertas,Italy,?,Out,1994,s,serie-a,https://www.transfermarkt.co.uk/roberto-simonetta/profil/spieler/369617
Calcio Padova,Claudio Ottoni,34,Italy,Centre-Back,CB,-,,Retired,-,Out,1994,s,serie-a,https://www.transfermarkt.co.uk/claudio-ottoni/profil/spieler/335607
Calcio Padova,Moreno Novello,20,Italy,Goalkeeper,GK,-,AS Cittadella,Italy,-,Out,1994,s,serie-a,https://www.transfermarkt.co.uk/moreno-novello/profil/spieler/453532
AC Reggiana,Johnny Ekström,29,Sweden,Centre-Forward,CF,-,SG Dynamo Dresden,Germany,£540Th.,Out,1994,s,serie-a,https://www.transfermarkt.co.uk/johnny-ekstrom/profil/spieler/84557
AC Reggiana,Alessio Costagli,19,Italy,Goalkeeper,GK,-,US Reggiolo,Italy,?,Out,1994,s,serie-a,https://www.transfermarkt.co.uk/alessio-costagli/profil/spieler/299346
AC Reggiana,Giuseppe Scienza,27,Italy,Midfielder,Midfielder,-,Torino Calcio,Italy,?,Out,1994,s,serie-a,https://www.transfermarkt.co.uk/giuseppe-scienza/profil/spieler/227516
AC Reggiana,Michele Pietranera,19,Italy,Second Striker,SS,-,AC Crevalcore,Italy,?,Out,1994,s,serie-a,https://www.transfermarkt.co.uk/michele-pietranera/profil/spieler/227691
AC Reggiana,Giorgio Bresciani,25,Italy,Centre-Forward,CF,-,Bologna FC 1909,Italy,?,Out,1994,s,serie-a,https://www.transfermarkt.co.uk/giorgio-bresciani/profil/spieler/222747
AC Reggiana,Stefano Torrisi,23,Italy,Centre-Back,CB,-,Torino Calcio,Italy,?,Out,1994,s,serie-a,https://www.transfermarkt.co.uk/stefano-torrisi/profil/spieler/5865
AC Reggiana,Christian Lantignotti,24,Italy,Attacking Midfield,AM,-,Cagliari Calcio,Italy,?,Out,1994,s,serie-a,https://www.transfermarkt.co.uk/christian-lantignotti/profil/spieler/214768
AC Reggiana,Mauro Picasso,28,Italy,Midfielder,Midfielder,-,Ancona Calcio,Italy,?,Out,1994,s,serie-a,https://www.transfermarkt.co.uk/mauro-picasso/profil/spieler/226500
AC Reggiana,Max Tonetto,19,Italy,Left-Back,LB,-,Ravenna FC,Italy,Loan,Out,1994,s,serie-a,https://www.transfermarkt.co.uk/max-tonetto/profil/spieler/6447
AC Reggiana,Michele Padovano,27,Italy,Centre-Forward,CF,-,Genoa 1893,Italy,?,Out,1994,s,serie-a,https://www.transfermarkt.co.uk/michele-padovano/profil/spieler/158112
AC Reggiana,Dario Morello,26,Italy,Centre-Forward,CF,-,Bologna FC 1909,Italy,?,Out,1994,s,serie-a,https://www.transfermarkt.co.uk/dario-morello/profil/spieler/214679
AC Reggiana,Ferdinando De Giuseppe,20,Italy,Defender,Defender,-,,Retired,-,Out,1994,s,serie-a,https://www.transfermarkt.co.uk/ferdinando-de-giuseppe/profil/spieler/259680
AC Reggiana,Mirko Faglioni,18,Italy,Midfielder,Midfielder,-,,Retired,-,Out,1994,s,serie-a,https://www.transfermarkt.co.uk/mirko-faglioni/profil/spieler/259681
SSC Napoli,Ciro Ferrara,27,Italy,Centre-Back,CB,-,Juventus FC,Italy,£4.65m,Out,1994,s,serie-a,https://www.transfermarkt.co.uk/ciro-ferrara/profil/spieler/5749
SSC Napoli,Daniel Fonseca,24,Uruguay,Centre-Forward,CF,-,AS Roma,Italy,?,Out,1994,s,serie-a,https://www.transfermarkt.co.uk/daniel-fonseca/profil/spieler/151825
SSC Napoli,Mario Massimo Caruso,24,Italy,Attacking Midfield,AM,-,AC Parma,Italy,?,Out,1994,s,serie-a,https://www.transfermarkt.co.uk/mario-massimo-caruso/profil/spieler/229202
SSC Napoli,Ciro Caruso,20,Italy,Centre-Back,CB,-,AS Ischia Isolaverde,Italy,Loan,Out,1994,s,serie-a,https://www.transfermarkt.co.uk/ciro-caruso/profil/spieler/228852
SSC Napoli,Jonas Thern,27,Sweden,Central Midfield,CM,-,AS Roma,Italy,?,Out,1994,s,serie-a,https://www.transfermarkt.co.uk/jonas-thern/profil/spieler/34025
SSC Napoli,Angelo Pagotto,20,Italy,Goalkeeper,GK,-,US Pistoiese 1921,Italy,Loan,Out,1994,s,serie-a,https://www.transfermarkt.co.uk/angelo-pagotto/profil/spieler/23282
SSC Napoli,Carlo Cornacchia,29,Italy,Right-Back,RB,-,Ancona Calcio,Italy,?,Out,1994,s,serie-a,https://www.transfermarkt.co.uk/carlo-cornacchia/profil/spieler/223009
SSC Napoli,Giovanni Francini,30,Italy,Left-Back,LB,-,Genoa 1893,Italy,?,Out,1994,s,serie-a,https://www.transfermarkt.co.uk/giovanni-francini/profil/spieler/118252
SSC Napoli,Giovanni Bia,25,Italy,Centre-Back,CB,-,FC Internazionale,Italy,?,Out,1994,s,serie-a,https://www.transfermarkt.co.uk/giovanni-bia/profil/spieler/152724
SSC Napoli,Giorgio Bresciani,25,Italy,Centre-Forward,CF,-,AC Reggiana,Italy,?,Out,1994,s,serie-a,https://www.transfermarkt.co.uk/giorgio-bresciani/profil/spieler/222747
SSC Napoli,Sebastiano Nela,33,Italy,Left-Back,LB,-,,Retired,-,Out,1994,s,serie-a,https://www.transfermarkt.co.uk/sebastiano-nela/profil/spieler/116729
SSC Napoli,Giancarlo Corradini,33,Italy,Centre-Back,CB,-,,Retired,,Out,1994,s,serie-a,https://www.transfermarkt.co.uk/giancarlo-corradini/profil/spieler/120381
SSC Napoli,Paolo Di Canio,25,Italy,Centre-Forward,CF,-,Juventus FC,Italy,"End of loanJun 30, 1994",Out,1994,s,serie-a,https://www.transfermarkt.co.uk/paolo-di-canio/profil/spieler/3699
SSC Napoli,Enzo Gambaro,28,Italy,Left-Back,LB,-,Milan AC,Italy,"End of loanJun 30, 1994",Out,1994,s,serie-a,https://www.transfermarkt.co.uk/enzo-gambaro/profil/spieler/142521
Milan AC,Paolo Di Canio,26,Italy,Centre-Forward,CF,-,Juventus FC,Italy,£675Th.,In,1994,w,serie-a,https://www.transfermarkt.co.uk/paolo-di-canio/profil/spieler/3699
Milan AC,Alessandro Melli,24,Italy,Centre-Forward,CF,-,UC Sampdoria,Italy,?,In,1994,w,serie-a,https://www.transfermarkt.co.uk/alessandro-melli/profil/spieler/169663
AS Roma,Marco Branca,29,Italy,Centre-Forward,CF,-,AC Parma,Italy,?,In,1994,w,serie-a,https://www.transfermarkt.co.uk/marco-branca/profil/spieler/169692
Brescia Calcio,Daniele Adani,20,Italy,Centre-Back,CB,-,SS Lazio,Italy,?,In,1994,w,serie-a,https://www.transfermarkt.co.uk/daniele-adani/profil/spieler/5774
Brescia Calcio,Marco Nappi,28,Italy,Second Striker,SS,-,Genoa 1893,Italy,?,In,1994,w,serie-a,https://www.transfermarkt.co.uk/marco-nappi/profil/spieler/120420
Brescia Calcio,Jorge Cadete,26,Portugal,Centre-Forward,CF,-,Sporting CP,Portugal,?,In,1994,w,serie-a,https://www.transfermarkt.co.uk/jorge-cadete/profil/spieler/25356
Brescia Calcio,Giovanni Francini,31,Italy,Left-Back,LB,-,Genoa 1893,Italy,?,In,1994,w,serie-a,https://www.transfermarkt.co.uk/giovanni-francini/profil/spieler/118252
Brescia Calcio,Eugenio Corini,24,Italy,Defensive Midfield,DM,-,SSC Napoli,Italy,?,In,1994,w,serie-a,https://www.transfermarkt.co.uk/eugenio-corini/profil/spieler/5921
Brescia Calcio,Ivano Bonetti,30,Italy,Left Midfield,LM,-,Torino Calcio,Italy,?,In,1994,w,serie-a,https://www.transfermarkt.co.uk/ivano-bonetti/profil/spieler/181056
AC Parma,Stefano Fiore,19,Italy,Attacking Midfield,AM,-,AS Cosenza Calcio,Italy,£675Th.,In,1994,w,serie-a,https://www.transfermarkt.co.uk/stefano-fiore/profil/spieler/5842
Genoa 1893,Nicola Caricola,31,Italy,Centre-Back,CB,-,Torino Calcio,Italy,?,In,1994,w,serie-a,https://www.transfermarkt.co.uk/nicola-caricola/profil/spieler/217801
Torino Calcio,Roberto Lorenzini,28,Italy,Left-Back,LB,-,Milan AC,Italy,?,In,1994,w,serie-a,https://www.transfermarkt.co.uk/roberto-lorenzini/profil/spieler/223470
Torino Calcio,Luca Pellegrini,31,Italy,Defender,Defender,-,Ravenna FC,Italy,?,In,1994,w,serie-a,https://www.transfermarkt.co.uk/luca-pellegrini/profil/spieler/229200
Torino Calcio,Jean-Pierre Cyprien,25,France,Centre-Back,CB,-,Stade Rennais FC,France,Loan,In,1994,w,serie-a,https://www.transfermarkt.co.uk/jean-pierre-cyprien/profil/spieler/158230
Torino Calcio,Felice Foglia,17,Italy,Left Winger,LW,-,AS Calcio Boys Nola,Italy,?,In,1994,w,serie-a,https://www.transfermarkt.co.uk/felice-foglia/profil/spieler/227419
Foggia Calcio,Matteo Baiocchi,20,Italy,Forward,Forward,-,AC Siena,Italy,?,In,1994,w,serie-a,https://www.transfermarkt.co.uk/matteo-baiocchi/profil/spieler/226401
UC Sampdoria,Ruud Gullit,32,Netherlands,Second Striker,SS,-,Milan AC,Italy,?,In,1994,w,serie-a,https://www.transfermarkt.co.uk/ruud-gullit/profil/spieler/101045
Cagliari Calcio,Roberto Muzzi,23,Italy,Centre-Forward,CF,-,AS Roma,Italy,Free transfer,In,1994,w,serie-a,https://www.transfermarkt.co.uk/roberto-muzzi/profil/spieler/5900
Calcio Padova,Michel Kreek,23,Netherlands,Left-Back,LB,-,Ajax Amsterdam,Netherlands,£818Th.,In,1994,w,serie-a,https://www.transfermarkt.co.uk/michel-kreek/profil/spieler/9858
Calcio Padova,Cristian Servidei,21,Italy,Centre-Back,CB,-,AC Venezia 1907,Italy,Loan,In,1994,w,serie-a,https://www.transfermarkt.co.uk/cristian-servidei/profil/spieler/84412
AC Reggiana,Igor Simutenkov,21,Russia,Centre-Forward,CF,-,Dynamo Moscow,Russia,Free transfer,In,1994,w,serie-a,https://www.transfermarkt.co.uk/igor-simutenkov/profil/spieler/26851
AC Reggiana,Alessandro Mazzola,25,Italy,Defensive Midfield,DM,-,US Catanzaro,Italy,?,In,1994,w,serie-a,https://www.transfermarkt.co.uk/alessandro-mazzola/profil/spieler/21867
AC Reggiana,Francesco Cozza,20,Italy,Attacking Midfield,AM,-,Milan AC,Italy,Loan,In,1994,w,serie-a,https://www.transfermarkt.co.uk/francesco-cozza/profil/spieler/6071
AC Reggiana,Massimo Brambilla,21,Italy,Central Midfield,CM,-,Calcio Monza,Italy,Loan,In,1994,w,serie-a,https://www.transfermarkt.co.uk/massimo-brambilla/profil/spieler/20727
AC Reggiana,Enzo Gambaro,28,Italy,Left-Back,LB,-,Milan AC,Italy,Loan,In,1994,w,serie-a,https://www.transfermarkt.co.uk/enzo-gambaro/profil/spieler/142521
AC Reggiana,Michele Padovano,28,Italy,Centre-Forward,CF,-,Genoa 1893,Italy,?,In,1994,w,serie-a,https://www.transfermarkt.co.uk/michele-padovano/profil/spieler/158112
Milan AC,Francesco Cozza,20,Italy,Attacking Midfield,AM,-,AC Reggiana,Italy,Loan,Out,1994,w,serie-a,https://www.transfermarkt.co.uk/francesco-cozza/profil/spieler/6071
Milan AC,Ruud Gullit,32,Netherlands,Second Striker,SS,-,UC Sampdoria,Italy,?,Out,1994,w,serie-a,https://www.transfermarkt.co.uk/ruud-gullit/profil/spieler/101045
Milan AC,Francesco Cozza,20,Italy,Attacking Midfield,AM,-,Vicenza Calcio,Italy,Loan,Out,1994,w,serie-a,https://www.transfermarkt.co.uk/francesco-cozza/profil/spieler/6071
Milan AC,Roberto Lorenzini,28,Italy,Left-Back,LB,-,Torino Calcio,Italy,?,Out,1994,w,serie-a,https://www.transfermarkt.co.uk/roberto-lorenzini/profil/spieler/223470
Milan AC,Enzo Gambaro,28,Italy,Left-Back,LB,-,AC Reggiana,Italy,Loan,Out,1994,w,serie-a,https://www.transfermarkt.co.uk/enzo-gambaro/profil/spieler/142521
AS Roma,Roberto Muzzi,23,Italy,Centre-Forward,CF,-,Cagliari Calcio,Italy,Free transfer,Out,1994,w,serie-a,https://www.transfermarkt.co.uk/roberto-muzzi/profil/spieler/5900
AS Roma,Ferro Tontini,25,Italy,Goalkeeper,GK,-,AS Lucchese Libertas,Italy,?,Out,1994,w,serie-a,https://www.transfermarkt.co.uk/ferro-tontini/profil/spieler/247321
AS Roma,Dario Rossi,21,Italy,Defender,Defender,-,US Lecce,Italy,?,Out,1994,w,serie-a,https://www.transfermarkt.co.uk/dario-rossi/profil/spieler/227785
Brescia Calcio,Gabriele Ambrosetti,21,Italy,Left Midfield,LM,-,Vicenza Calcio,Italy,?,Out,1994,w,serie-a,https://www.transfermarkt.co.uk/gabriele-ambrosetti/profil/spieler/3167
Brescia Calcio,Danut Lupu,27,Romania,Attacking Midfield,AM,-,FC Rapid 1923,Romania,?,Out,1994,w,serie-a,https://www.transfermarkt.co.uk/danut-lupu/profil/spieler/180729
FC Internazionale,Marco Barollo,22,Italy,Midfielder,Midfielder,-,AC Venezia 1907,Italy,?,Out,1994,w,serie-a,https://www.transfermarkt.co.uk/marco-barollo/profil/spieler/6024
AC Parma,Marco Branca,29,Italy,Centre-Forward,CF,-,AS Roma,Italy,?,Out,1994,w,serie-a,https://www.transfermarkt.co.uk/marco-branca/profil/spieler/169692
AC Parma,Gianluca Hervatin,20,Italy,Forward,Forward,-,Calcio Monza,Italy,?,Out,1994,w,serie-a,https://www.transfermarkt.co.uk/gianluca-hervatin/profil/spieler/229207
AC Parma,Gianfranco Circati,23,Italy,Defender,Defender,-,US Salernitana,Italy,?,Out,1994,w,serie-a,https://www.transfermarkt.co.uk/gianfranco-circati/profil/spieler/229203
AC Parma,Mario Massimo Caruso,25,Italy,Attacking Midfield,AM,-,AS Lucchese Libertas,Italy,Loan,Out,1994,w,serie-a,https://www.transfermarkt.co.uk/mario-massimo-caruso/profil/spieler/229202
Genoa 1893,Gianpaolo Spagnulo,30,Italy,Goalkeeper,GK,-,Delfino Pescara 1936,Italy,?,Out,1994,w,serie-a,https://www.transfermarkt.co.uk/gianpaolo-spagnulo/profil/spieler/223490
Genoa 1893,Marco Nappi,28,Italy,Second Striker,SS,-,Brescia Calcio,Italy,?,Out,1994,w,serie-a,https://www.transfermarkt.co.uk/marco-nappi/profil/spieler/120420
Genoa 1893,Michele Padovano,28,Italy,Centre-Forward,CF,-,AC Reggiana,Italy,?,Out,1994,w,serie-a,https://www.transfermarkt.co.uk/michele-padovano/profil/spieler/158112
Genoa 1893,Giovanni Francini,31,Italy,Left-Back,LB,-,Brescia Calcio,Italy,?,Out,1994,w,serie-a,https://www.transfermarkt.co.uk/giovanni-francini/profil/spieler/118252
AS Bari,Massimiliano Tangorra,24,Italy,Defender,Defender,-,Ancona Calcio,Italy,?,Out,1994,w,serie-a,https://www.transfermarkt.co.uk/massimiliano-tangorra/profil/spieler/104847
SS Lazio,Thomas Doll,28,Germany,Attacking Midfield,AM,-,Eintracht Frankfurt,Germany,£1.58m,Out,1994,w,serie-a,https://www.transfermarkt.co.uk/thomas-doll/profil/spieler/1455
SS Lazio,Ivano Della Morte,20,Italy,Central Midfield,CM,-,US Lecce,Italy,Loan,Out,1994,w,serie-a,https://www.transfermarkt.co.uk/ivano-della-morte/profil/spieler/5926
SS Lazio,Daniele Adani,20,Italy,Centre-Back,CB,-,Brescia Calcio,Italy,?,Out,1994,w,serie-a,https://www.transfermarkt.co.uk/daniele-adani/profil/spieler/5774
Torino Calcio,Ivano Bonetti,30,Italy,Left Midfield,LM,-,Brescia Calcio,Italy,?,Out,1994,w,serie-a,https://www.transfermarkt.co.uk/ivano-bonetti/profil/spieler/181056
Torino Calcio,Vittorio Tosto,20,Italy,Left-Back,LB,-,AS Lucchese Libertas,Italy,?,Out,1994,w,serie-a,https://www.transfermarkt.co.uk/vittorio-tosto/profil/spieler/22216
Torino Calcio,Marcão,21,Brazil,Centre-Forward,CF,-,Neuchâtel Xamax,Switzerland,Loan,Out,1994,w,serie-a,https://www.transfermarkt.co.uk/marcao/profil/spieler/1388
Torino Calcio,Nicola Caricola,31,Italy,Centre-Back,CB,-,Genoa 1893,Italy,?,Out,1994,w,serie-a,https://www.transfermarkt.co.uk/nicola-caricola/profil/spieler/217801
Torino Calcio,Gianluca Petrachi,25,Italy,Midfielder,Midfielder,-,US Palermo,Italy,?,Out,1994,w,serie-a,https://www.transfermarkt.co.uk/gianluca-petrachi/profil/spieler/227503
AC Fiorentina,Stefano Carobbi,30,Italy,Right-Back,RB,-,US Poggibonsi,Italy,?,Out,1994,w,serie-a,https://www.transfermarkt.co.uk/stefano-carobbi/profil/spieler/214766
AC Fiorentina,Emiliano Betti,22,Italy,Goalkeeper,GK,-,Barletta Calcio Sport,Italy,?,Out,1994,w,serie-a,https://www.transfermarkt.co.uk/emiliano-betti/profil/spieler/29601
AC Fiorentina,Fabio Di Sole,20,Italy,Centre-Back,CB,-,US Catanzaro,Italy,?,Out,1994,w,serie-a,https://www.transfermarkt.co.uk/fabio-di-sole/profil/spieler/39677
AC Fiorentina,Pasquale Bruno,32,Italy,Right-Back,RB,-,US Lecce,Italy,?,Out,1994,w,serie-a,https://www.transfermarkt.co.uk/pasquale-bruno/profil/spieler/222748
AC Fiorentina,Giacomo Banchelli,21,Italy,Centre-Forward,CF,-,Udinese Calcio,Italy,Loan,Out,1994,w,serie-a,https://www.transfermarkt.co.uk/giacomo-banchelli/profil/spieler/223333
Juventus FC,Paolo Di Canio,26,Italy,Centre-Forward,CF,-,Milan AC,Italy,£675Th.,Out,1994,w,serie-a,https://www.transfermarkt.co.uk/paolo-di-canio/profil/spieler/3699
Juventus FC,Luca Fusi,31,Italy,Defensive Midfield,DM,-,FC Lugano,Switzerland,?,Out,1994,w,serie-a,https://www.transfermarkt.co.uk/luca-fusi/profil/spieler/118253
UC Sampdoria,Alessandro Melli,24,Italy,Centre-Forward,CF,-,Milan AC,Italy,?,Out,1994,w,serie-a,https://www.transfermarkt.co.uk/alessandro-melli/profil/spieler/169663
Cagliari Calcio,Luigi Molino,22,Italy,Forward,Forward,-,Novara Calcio 1908,Italy,?,Out,1994,w,serie-a,https://www.transfermarkt.co.uk/luigi-molino/profil/spieler/297188
US Cremonese,Marco Bruzzano,26,Italy,Forward,Forward,-,Carrarese Calcio 1908,Italy,?,Out,1994,w,serie-a,https://www.transfermarkt.co.uk/marco-bruzzano/profil/spieler/227637
Calcio Padova,Roberto Putelli,25,Italy,Left Winger,LW,-,AC Siena,Italy,?,Out,1994,w,serie-a,https://www.transfermarkt.co.uk/roberto-putelli/profil/spieler/228316
Calcio Padova,Agostino Siviero,22,Italy,Defender,Defender,-,AC Marzotto Valdagno,Italy,?,Out,1994,w,serie-a,https://www.transfermarkt.co.uk/agostino-siviero/profil/spieler/448922
Calcio Padova,Davide Tentoni,24,Italy,Midfielder,Midfielder,-,AC Venezia 1907,Italy,?,Out,1994,w,serie-a,https://www.transfermarkt.co.uk/davide-tentoni/profil/spieler/228320
AC Reggiana,Dorin Mateut,29,Romania,Attacking Midfield,AM,-,FC Dinamo Bucharest,Romania,?,Out,1994,w,serie-a,https://www.transfermarkt.co.uk/dorin-mateut/profil/spieler/180676
AC Reggiana,Paolo Mozzini,18,Italy,Defender,Defender,-,AC Carpi,Italy,?,Out,1994,w,serie-a,https://www.transfermarkt.co.uk/paolo-mozzini/profil/spieler/259683
AC Reggiana,Giuseppe Accardi,30,Italy,Right-Back,RB,-,AC Venezia 1907,Italy,?,Out,1994,w,serie-a,https://www.transfermarkt.co.uk/giuseppe-accardi/profil/spieler/227629
AC Reggiana,Giorgio Bresciani,25,Italy,Centre-Forward,CF,-,Bologna FC 1909,Italy,?,Out,1994,w,serie-a,https://www.transfermarkt.co.uk/giorgio-bresciani/profil/spieler/222747
SSC Napoli,Eugenio Corini,24,Italy,Defensive Midfield,DM,-,Brescia Calcio,Italy,?,Out,1994,w,serie-a,https://www.transfermarkt.co.uk/eugenio-corini/profil/spieler/5921
SSC Napoli,Roberto Vezzosi,21,Italy,Right-Back,RB,-,FC Empoli,Italy,?,Out,1994,w,serie-a,https://www.transfermarkt.co.uk/roberto-vezzosi/profil/spieler/256562
